Individuo,lnsalario,educ,edad,edad2,urban,soltero,casado,femenino
1,"0,8847",10,25,625,0,1,0,0
2,"0,5192",5,44,1936,1,0,1,0
3,"0,8359",10,40,1600,1,0,1,0
4,"1,4153",10,40,1600,1,0,1,0
5,"1,9055",12,23,529,0,0,1,1
6,"1,7930",9,17,289,1,1,0,0
7,"2,0204",12,25,625,0,0,1,1
8,"1,6978",5,24,576,1,0,1,0
9,"1,7720",12,18,324,0,1,0,1
10,"2,1879",12,40,1600,1,0,1,1
11,"2,5341",12,21,441,0,1,0,1
12,"2,1774",12,22,484,0,1,0,1
13,"2,1051",12,27,729,0,0,1,1
14,"2,0596",16,38,1444,1,0,1,0
15,"1,9151",12,45,2025,1,0,1,1
16,"2,3425",16,25,625,1,1,0,0
17,"2,2200",5,50,2500,0,0,1,0
18,"2,0413",5,60,3600,1,0,1,0
19,"2,0343",9,28,784,0,0,1,0
20,"2,4651",10,25,625,1,1,0,0
21,"2,4163",12,22,484,0,0,1,0
22,"2,1650",9,42,1764,0,0,1,0
23,"2,0108",5,50,2500,1,0,1,0
24,"2,4651",9,28,784,0,0,1,0
25,"2,1774",5,46,2116,0,0,1,0
26,"1,7720",5,30,900,0,0,1,0
27,"2,9023",5,22,484,0,0,1,0
28,"2,8398",5,20,400,0,1,0,0
29,"2,4862",5,24,576,1,0,1,0
30,"2,1774",5,42,1764,0,0,1,0
31,"3,0098",16,30,900,1,1,0,1
32,"2,7936",12,20,400,1,1,0,0
33,"2,7136",12,33,1089,0,0,1,0
34,"2,6636",5,48,2304,0,0,1,0
35,"2,5929",5,59,3481,1,0,1,0
36,"2,5929",5,24,576,1,0,1,0
37,"2,5929",5,41,1681,1,0,1,0
38,"2,5929",5,19,361,1,1,0,0
39,"2,3518",9,45,2025,1,0,1,0
40,"2,3518",5,22,484,0,1,0,0
41,"2,3518",5,24,576,0,1,0,0
42,"2,2027",12,24,576,0,0,1,0
43,"1,9827",12,20,400,0,1,0,0
44,"2,8610",9,30,900,1,0,1,0
45,"2,6322",12,21,441,1,1,0,0
46,"2,6322",5,36,1296,1,0,1,0
47,"2,7905",10,25,625,0,1,0,1
48,"2,7652",16,27,729,0,0,1,0
49,"2,6699",5,40,1600,1,0,1,0
50,"2,5829",10,33,1089,1,1,0,0
51,"2,4287",12,28,784,0,1,0,0
52,"2,2644",5,25,625,1,1,0,0
53,"2,6882",12,44,1936,1,0,1,0
54,"2,4471",5,37,1369,1,0,1,1
55,"2,6510",9,24,576,1,1,0,0
56,"2,6175",5,37,1369,0,0,1,0
57,"3,6572",5,25,625,0,1,0,0
58,"2,8269",12,25,625,1,1,0,0
59,"2,8269",16,26,676,0,1,0,0
60,"2,8016",5,40,1600,0,0,1,0
61,"2,8016",5,32,1024,1,0,1,0
62,"2,8016",12,26,676,1,0,1,0
63,"2,8016",9,45,2025,0,0,1,0
64,"2,7063",5,46,2116,1,0,1,0
65,"2,7063",5,44,1936,1,0,1,0
66,"2,7063",9,46,2116,0,0,1,0
67,"2,7063",12,40,1600,1,0,1,0
68,"2,7063",9,29,841,1,0,1,0
69,"2,7063",9,36,1296,1,0,1,0
70,"2,7063",9,38,1444,1,0,1,0
71,"2,7063",9,39,1521,1,0,1,0
72,"2,6618",12,35,1225,0,0,1,0
73,"2,5986",5,39,1521,1,0,1,0
74,"2,5784",5,35,1225,0,0,1,0
75,"2,4651",9,38,1444,1,0,1,0
76,"2,0596",5,38,1444,1,0,1,0
77,"2,6672",9,23,529,0,1,0,0
78,"2,6370",5,45,2025,0,0,1,0
79,"2,5379",9,45,2025,0,0,1,0
80,"3,1583",5,28,784,0,0,1,0
81,"2,9420",12,24,576,0,0,1,0
82,"2,7643",5,29,841,0,1,0,0
83,"2,7414",5,45,2025,1,0,1,0
84,"2,5002",5,45,2025,0,0,1,0
85,"2,3824",5,42,1764,1,0,1,0
86,"2,7465",5,45,2025,1,0,1,0
87,"2,4822",12,21,441,0,0,1,0
88,"2,6856",12,33,1089,1,0,1,0
89,"3,7262",5,35,1225,0,0,1,0
90,"3,1583",16,31,961,1,0,1,0
91,"3,0629",9,18,324,0,1,0,0
92,"3,0331",10,24,576,1,1,0,0
93,"3,0041",5,35,1225,1,0,1,0
94,"2,8959",12,22,484,0,1,0,0
95,"2,8959",5,33,1089,1,0,1,0
96,"2,8959",10,23,529,1,1,0,0
97,"2,8959",12,20,400,1,0,1,1
98,"2,8706",12,24,576,1,0,1,0
99,"2,8706",5,55,3025,0,0,1,1
100,"2,8706",16,30,900,1,1,0,0
101,"2,8706",5,52,2704,0,0,1,0
102,"2,8218",12,20,400,0,1,0,0
103,"2,8218",9,45,2025,0,0,1,0
104,"2,8218",5,21,441,0,1,0,0
105,"2,8218",12,35,1225,1,0,1,0
106,"2,7753",12,30,900,0,0,1,0
107,"2,7753",5,36,1296,1,0,1,0
108,"2,7753",5,40,1600,1,0,1,0
109,"2,7753",5,37,1369,1,0,1,0
110,"2,7753",9,34,1156,1,0,1,0
111,"2,7753",16,40,1600,1,0,1,0
112,"2,7528",9,20,400,0,0,1,0
113,"2,7528",9,32,1024,0,0,1,0
114,"2,7528",9,30,900,0,0,1,0
115,"2,7528",9,38,1444,1,1,0,0
116,"2,7308",9,35,1225,1,0,1,0
117,"2,7308",5,32,1024,1,0,1,0
118,"2,7308",5,45,2025,1,0,1,0
119,"2,6882",5,54,2916,1,0,1,0
120,"2,6882",12,27,729,1,1,0,0
121,"2,6882",16,23,529,1,1,0,1
122,"2,6676",5,24,576,1,1,0,0
123,"2,5892",5,46,2116,0,0,1,0
124,"2,5341",5,42,1764,0,0,1,0
125,"2,4651",5,25,625,1,0,1,0
126,"2,1286",16,26,676,0,0,1,0
127,"2,1286",12,53,2809,0,0,1,0
128,"2,1286",5,44,1936,0,0,1,0
129,"3,0795",10,23,529,1,1,0,0
130,"3,4142",5,36,1296,0,0,1,0
131,"2,9813",5,40,1600,0,0,1,0
132,"2,9287",5,55,3025,1,0,1,0
133,"2,7856",9,35,1225,0,0,1,0
134,"2,7210",5,30,900,0,0,1,0
135,"2,6033",5,33,1089,1,0,1,0
136,"2,3875",5,35,1225,1,0,1,0
137,"3,0686",9,48,2304,0,0,1,0
138,"3,0405",5,35,1225,0,0,1,0
139,"2,9604",10,24,576,1,0,1,0
140,"2,9604",12,38,1444,1,0,1,0
141,"2,9604",12,35,1225,0,0,1,0
142,"2,9604",12,35,1225,1,0,1,0
143,"2,9351",9,48,2304,1,0,1,0
144,"2,8398",9,36,1296,0,0,1,0
145,"2,8398",12,42,1764,1,0,1,0
146,"2,8398",5,45,2025,0,0,1,0
147,"2,8398",10,26,676,0,1,0,0
148,"2,8398",5,38,1444,0,0,1,0
149,"2,8398",9,25,625,0,0,1,0
150,"2,8173",5,34,1156,0,0,1,0
151,"2,8173",5,38,1444,0,0,1,0
152,"2,7953",9,27,729,1,1,0,0
153,"2,7738",5,31,961,1,0,1,1
154,"2,7528",9,41,1681,1,0,1,0
155,"2,7528",12,29,841,1,0,1,0
156,"2,7528",5,30,900,0,0,1,0
157,"2,7120",12,28,784,1,1,0,0
158,"2,6537",5,38,1444,1,0,1,0
159,"2,6167",5,56,3136,0,0,1,0
160,"2,5809",5,42,1764,0,0,1,0
161,"2,4496",9,44,1936,0,0,1,0
162,"2,3755",12,48,2304,1,0,1,0
163,"2,6852",5,40,1600,1,0,1,0
164,"2,8783",5,45,2025,0,0,1,0
165,"2,8584",9,48,2304,0,0,1,0
166,"3,1284",5,54,2916,1,0,1,1
167,"2,9659",16,29,841,1,0,1,0
168,"2,9171",10,35,1225,1,1,0,0
169,"2,9171",12,45,2025,1,0,1,0
170,"2,8706",5,55,3025,1,0,1,0
171,"2,8706",5,45,2025,1,0,1,0
172,"2,8261",5,44,1936,1,0,1,0
173,"2,8261",16,26,676,1,1,0,0
174,"2,8261",5,25,625,1,0,1,0
175,"2,6294",5,55,3025,0,0,1,0
176,"2,2239",5,45,2025,1,0,1,0
177,"3,0062",10,21,441,1,1,0,0
178,"2,8489",10,31,961,0,0,1,0
179,"3,1881",5,43,1849,0,0,1,0
180,"3,1293",10,47,2209,1,0,1,0
181,"3,0737",5,29,841,0,0,1,0
182,"2,9957",5,35,1225,0,0,1,0
183,"2,9957",5,38,1444,0,0,1,0
184,"2,9957",9,50,2500,0,0,1,0
185,"2,9469",5,40,1600,1,0,0,1
186,"2,9234",9,38,1444,1,0,1,0
187,"2,8560",12,36,1296,1,0,1,0
188,"2,8134",5,37,1369,0,0,1,0
189,"2,9150",5,27,729,0,0,1,0
190,"3,2479",16,52,2704,1,0,1,0
191,"3,1872",10,19,361,1,1,0,0
192,"3,1583",5,52,2704,1,0,0,1
193,"3,1301",9,40,1600,0,0,1,0
194,"3,1301",5,45,2025,0,0,1,0
195,"3,1301",10,40,1600,0,0,1,0
196,"3,1027",12,23,529,0,0,1,0
197,"3,0500",5,40,1600,1,0,1,0
198,"3,0500",12,21,441,1,1,0,0
199,"3,0500",12,40,1600,1,0,1,0
200,"3,0500",10,20,400,1,1,0,0
201,"3,0500",12,30,900,0,1,0,0
202,"3,0500",5,59,3481,1,0,1,0
203,"3,0247",9,52,2704,0,0,1,0
204,"3,0247",12,49,2401,1,0,1,0
205,"3,0247",5,32,1024,0,0,1,0
206,"2,9294",5,35,1225,1,0,1,0
207,"2,9294",5,42,1764,0,0,1,0
208,"2,9294",9,19,361,1,1,0,0
209,"2,9294",12,35,1225,1,0,1,0
210,"2,9294",12,26,676,1,1,0,0
211,"2,9294",12,30,900,0,0,1,0
212,"2,9294",12,41,1681,1,0,1,0
213,"2,9294",12,47,2209,1,0,1,0
214,"2,9294",12,39,1521,0,0,1,0
215,"2,9069",5,35,1225,0,0,1,0
216,"2,9069",10,40,1600,1,0,1,0
217,"2,9069",5,35,1225,1,0,1,0
218,"2,9069",12,24,576,0,0,1,0
219,"2,9069",16,30,900,1,1,0,0
220,"2,9069",5,48,2304,0,0,1,0
221,"2,8850",5,35,1225,1,0,1,0
222,"2,8850",12,40,1600,1,0,1,0
223,"2,8424",10,30,900,1,0,1,1
224,"2,8424",5,40,1600,0,0,1,0
225,"2,8424",5,18,324,1,1,0,0
226,"2,8424",5,36,1296,1,0,1,0
227,"2,8424",5,25,625,0,0,1,0
228,"2,8424",9,29,841,1,0,1,0
229,"2,8424",5,34,1156,1,0,1,0
230,"2,8424",5,45,2025,0,0,1,0
231,"2,8218",5,40,1600,1,0,1,0
232,"2,8218",5,17,289,0,1,0,0
233,"2,8218",5,42,1764,0,0,1,0
234,"2,7624",5,46,2116,0,0,1,0
235,"2,7433",12,38,1444,0,0,1,0
236,"2,7433",9,45,2025,1,0,1,0
237,"2,7433",10,25,625,1,1,0,0
238,"2,7246",9,19,361,1,1,0,0
239,"2,6882",9,30,900,0,0,1,0
240,"2,5705",12,50,2500,0,0,1,0
241,"2,5392",12,33,1089,1,0,1,0
242,"2,9464",5,49,2401,1,0,1,0
243,"3,4096",12,35,1225,1,0,1,0
244,"3,0782",10,50,2500,1,0,1,0
245,"3,0782",12,40,1600,1,0,1,0
246,"3,0529",10,23,529,1,1,0,0
247,"3,0282",5,28,784,0,0,1,0
248,"2,9576",12,34,1156,1,0,1,0
249,"2,9576",5,48,2304,1,0,1,0
250,"2,9351",12,35,1225,0,0,1,0
251,"2,9351",5,58,3364,0,0,1,0
252,"2,9351",12,34,1156,1,0,1,0
253,"2,9131",5,37,1369,1,0,1,0
254,"2,8706",5,23,529,0,0,1,0
255,"2,8706",9,46,2116,0,0,1,0
256,"2,8499",12,39,1521,1,0,1,0
257,"2,8099",5,40,1600,0,0,1,0
258,"2,6474",12,30,900,0,0,1,0
259,"2,8816",9,29,841,1,0,1,0
260,"3,0920",12,28,784,1,0,1,1
261,"3,0556",12,42,1764,0,0,1,0
262,"2,9850",5,42,1764,0,0,1,0
263,"2,9625",12,27,729,0,0,1,0
264,"2,8980",5,24,576,0,1,0,0
265,"2,8980",5,37,1369,1,0,1,0
266,"2,2583",12,35,1225,1,0,1,0
267,"2,9540",10,33,1089,1,0,1,0
268,"2,9172",10,33,1089,0,0,1,0
269,"3,9626",10,38,1444,0,0,1,0
270,"3,2123",12,48,2304,0,0,1,0
271,"3,1323",5,50,2500,1,0,1,0
272,"3,1323",12,45,2025,1,0,1,0
273,"3,1323",12,30,900,1,0,1,0
274,"3,1323",5,40,1600,1,0,1,0
275,"3,1323",16,30,900,1,0,1,1
276,"3,1323",5,36,1296,1,0,1,0
277,"3,1070",5,53,2809,1,0,1,0
278,"3,1070",12,29,841,0,0,1,0
279,"3,1070",5,57,3249,1,0,1,0
280,"3,0116",9,41,1681,1,0,1,0
281,"3,0116",12,27,729,1,0,1,0
282,"3,0116",5,37,1369,1,0,1,0
283,"2,9892",12,35,1225,1,0,1,0
284,"2,9892",16,28,784,1,0,1,0
285,"2,9672",5,42,1764,1,0,1,0
286,"2,9672",12,22,484,1,1,0,0
287,"2,7885",5,52,2704,0,0,1,0
288,"2,7705",12,20,400,0,0,1,0
289,"2,6850",5,45,2025,1,0,1,0
290,"3,2665",16,45,2025,1,0,1,0
291,"3,1329",9,31,961,0,1,0,0
292,"3,1082",5,40,1600,0,0,1,0
293,"3,0152",12,41,1681,1,0,1,0
294,"2,7965",12,37,1369,0,0,1,0
295,"3,1710",9,58,3364,1,0,1,0
296,"3,1730",5,50,2500,1,0,1,0
297,"3,5513",10,47,2209,1,0,1,0
298,"3,3506",9,36,1296,0,0,1,0
299,"3,3208",12,40,1600,1,0,1,0
300,"3,2918",12,35,1225,1,0,1,0
301,"3,2918",5,42,1764,1,0,1,0
302,"3,2636",9,38,1444,1,0,1,0
303,"3,2362",5,57,3249,0,0,1,0
304,"3,2095",9,44,1936,0,0,1,0
305,"3,1836",5,30,900,1,0,1,0
306,"3,1836",10,59,3481,1,0,1,0
307,"3,1836",12,22,484,1,1,0,0
308,"3,1836",5,44,1936,1,0,1,0
309,"3,1583",9,38,1444,1,0,1,0
310,"3,1583",10,29,841,0,0,1,0
311,"3,1583",12,37,1369,1,0,1,0
312,"3,1583",12,20,400,1,1,0,0
313,"3,1583",10,34,1156,1,0,1,0
314,"3,1336",12,27,729,1,0,1,0
315,"3,1336",9,36,1296,0,0,1,0
316,"3,1095",5,48,2304,1,0,1,0
317,"3,0629",9,36,1296,1,0,1,0
318,"3,0629",5,34,1156,0,0,1,0
319,"3,0629",5,52,2704,1,0,1,0
320,"3,0629",5,24,576,0,0,1,0
321,"3,0629",10,35,1225,0,0,1,0
322,"3,0629",5,43,1849,1,0,1,0
323,"3,0629",9,42,1764,1,0,1,0
324,"3,0629",12,35,1225,1,0,1,0
325,"3,0405",9,41,1681,0,0,1,0
326,"3,0405",5,33,1089,1,0,1,0
327,"3,0405",5,38,1444,1,0,1,0
328,"3,0185",12,35,1225,0,0,1,0
329,"2,9970",5,46,2116,1,0,1,0
330,"2,9759",12,34,1156,0,0,1,0
331,"2,9759",16,47,2209,1,0,1,0
332,"2,9759",12,36,1296,1,0,1,0
333,"2,9759",12,33,1089,0,0,1,0
334,"2,9759",9,37,1369,1,1,0,0
335,"2,9759",5,38,1444,1,0,1,0
336,"2,8959",10,36,1296,1,0,1,0
337,"2,8581",5,47,2209,1,0,1,1
338,"2,8581",5,45,2025,0,0,1,0
339,"2,8581",12,55,3025,0,0,1,0
340,"2,8041",12,55,3025,0,0,1,0
341,"2,7363",5,48,2304,0,0,1,0
342,"2,7200",9,52,2704,1,0,1,0
343,"2,6727",9,42,1764,0,0,1,0
344,"2,5986",5,40,1600,1,0,1,0
345,"2,9908",5,48,2304,0,0,1,0
346,"2,9957",12,35,1225,0,0,1,0
347,"3,2083",5,45,2025,0,0,1,0
348,"3,0432",16,34,1156,1,0,1,0
349,"3,0432",16,45,2025,0,0,1,0
350,"3,0006",9,46,2116,1,0,1,0
351,"2,9206",12,41,1681,1,0,1,0
352,"3,2180",10,34,1156,1,0,1,0
353,"3,2464",5,33,1089,1,0,1,0
354,"3,0773",5,46,2116,0,0,1,0
355,"3,0127",12,40,1600,0,0,1,0
356,"3,2324",9,38,1444,1,0,1,0
357,"3,2324",5,30,900,0,0,1,0
358,"3,2324",16,45,2025,1,0,1,0
359,"3,1583",5,42,1764,0,0,1,0
360,"3,1117",10,36,1296,1,0,1,0
361,"3,1117",9,29,841,0,1,0,0
362,"3,1117",10,25,625,1,0,1,0
363,"3,0673",5,41,1681,0,0,1,0
364,"2,8706",5,36,1296,1,1,0,0
365,"2,8529",12,47,2209,1,0,1,0
366,"2,8016",12,35,1225,1,0,1,0
367,"2,6193",12,32,1024,1,0,1,0
368,"2,6055",12,37,1369,1,0,1,0
369,"3,2189",10,35,1225,0,0,1,0
370,"2,8824",12,47,2209,0,0,1,0
371,"2,8824",12,26,676,1,0,1,0
372,"3,0826",10,40,1600,0,0,1,0
373,"3,2306",12,32,1024,1,1,0,0
374,"3,0074",9,25,625,1,1,0,0
375,"3,2352",5,44,1936,0,0,1,0
376,"3,4115",5,41,1681,0,0,1,0
377,"3,2536",9,53,2809,1,0,0,0
378,"3,1583",5,35,1225,0,0,1,0
379,"3,1358",5,44,1936,1,0,1,0
380,"3,1358",5,52,2704,0,0,1,0
381,"3,0923",12,32,1024,1,0,1,0
382,"2,9535",16,32,1024,1,0,1,0
383,"2,5857",16,36,1296,1,0,1,0
384,"3,4386",16,30,900,1,1,0,0
385,"3,4096",16,43,1849,1,0,1,0
386,"3,3814",5,33,1089,0,0,1,0
387,"3,3814",9,50,2500,0,0,1,0
388,"3,3014",9,40,1600,0,0,1,0
389,"3,3014",9,38,1444,1,0,1,0
390,"3,3014",10,35,1225,1,0,0,0
391,"3,3014",9,30,900,1,1,0,0
392,"3,2760",16,25,625,1,1,0,0
393,"3,2760",12,30,900,1,0,1,0
394,"3,2760",9,47,2209,1,0,1,0
395,"3,2760",12,50,2500,1,0,1,0
396,"3,2037",10,28,784,1,0,1,0
397,"3,1807",10,40,1600,1,0,1,0
398,"3,1807",5,50,2500,0,0,1,0
399,"3,1807",10,38,1444,1,0,1,0
400,"3,1807",12,42,1764,1,0,1,0
401,"3,1583",12,42,1764,0,0,1,0
402,"3,1583",5,45,2025,1,0,1,0
403,"3,1583",5,42,1764,1,0,1,0
404,"3,1583",12,20,400,1,1,0,0
405,"3,1583",12,23,529,1,1,0,0
406,"3,1583",12,36,1296,1,0,1,0
407,"3,0937",10,23,529,1,1,0,0
408,"3,0937",10,24,576,1,1,0,0
409,"3,0937",16,28,784,1,0,1,0
410,"3,0937",9,54,2916,1,0,1,0
411,"3,0937",12,25,625,1,1,0,0
412,"3,0937",12,32,1024,0,0,1,0
413,"3,0937",16,27,729,1,0,1,0
414,"3,0937",16,35,1225,1,0,1,0
415,"3,0137",9,45,2025,0,0,1,0
416,"2,9759",12,46,2116,1,0,1,0
417,"2,9396",5,47,2209,0,0,1,0
418,"2,9396",10,26,676,0,0,1,0
419,"2,7454",5,50,2500,0,0,1,0
420,"2,7454",12,25,625,0,1,0,0
421,"2,7164",5,30,900,1,0,1,0
422,"2,7164",5,45,2025,1,0,1,0
423,"3,1863",16,31,961,1,0,1,0
424,"3,1429",12,25,625,1,1,0,0
425,"3,1445",12,52,2704,1,0,1,0
426,"3,1918",10,30,900,1,1,0,0
427,"3,1693",12,50,2500,0,0,1,0
428,"3,1693",5,39,1521,1,0,1,0
429,"3,1983",5,57,3249,1,0,1,0
430,"3,4034",12,28,784,1,0,1,0
431,"3,3233",12,55,3025,1,0,1,0
432,"3,2980",9,47,2209,1,0,1,0
433,"3,2027",5,30,900,0,0,1,0
434,"3,2027",12,50,2500,0,0,1,0
435,"3,0951",12,27,729,1,0,1,0
436,"3,2092",12,42,1764,1,0,1,0
437,"3,3195",12,43,1849,1,0,1,0
438,"3,3195",9,45,2025,1,0,1,0
439,"3,2242",16,34,1156,1,0,1,0
440,"3,2242",12,47,2209,1,0,1,0
441,"3,1798",5,32,1024,0,0,1,0
442,"3,1376",12,41,1681,1,1,0,0
443,"3,2411",16,45,2025,1,0,1,0
444,"3,3659",5,35,1225,0,0,1,0
445,"3,3659",16,35,1225,1,1,0,1
446,"3,2453",5,50,2500,1,0,1,0
447,"3,2228",10,40,1600,1,0,1,0
448,"3,2228",16,35,1225,1,0,1,0
449,"3,2228",5,45,2025,1,0,1,0
450,"3,1583",5,44,1936,1,0,1,0
451,"3,1583",12,40,1600,0,0,1,0
452,"3,0592",12,38,1444,1,0,1,0
453,"3,0592",12,40,1600,1,0,1,0
454,"3,0103",9,40,1600,0,0,1,0
455,"3,4002",10,43,1849,1,0,1,0
456,"3,2546",16,40,1600,0,0,1,0
457,"3,3865",10,37,1369,1,0,1,0
458,"3,0611",12,42,1764,1,0,1,0
459,"3,3963",16,28,784,1,0,1,0
460,"4,1799",5,55,3025,0,0,1,0
461,"3,9792",12,30,900,1,0,1,0
462,"3,4067",12,32,1024,0,0,1,0
463,"3,4067",16,24,576,1,1,0,1
464,"3,3814",10,23,529,1,0,1,0
465,"3,3814",16,45,2025,1,0,1,0
466,"3,3814",16,22,484,1,1,0,0
467,"3,3814",12,44,1936,1,0,1,0
468,"3,3814",9,46,2116,0,0,1,0
469,"3,3567",12,50,2500,1,0,1,0
470,"3,3326",12,55,3025,1,0,1,0
471,"3,2861",12,38,1444,1,0,1,0
472,"3,2861",10,42,1764,1,0,1,0
473,"3,2861",5,50,2500,1,1,0,0
474,"3,2861",10,52,2704,1,0,1,0
475,"3,2861",12,35,1225,1,0,1,0
476,"3,2861",10,46,2116,1,0,1,0
477,"3,2861",16,36,1296,1,0,1,0
478,"3,2861",5,45,2025,1,0,1,0
479,"3,2861",12,39,1521,1,0,1,0
480,"3,2861",16,42,1764,1,0,1,0
481,"3,2636",16,47,2209,1,0,1,0
482,"3,2636",12,27,729,1,1,0,0
483,"3,2636",9,40,1600,1,0,1,0
484,"3,2636",12,37,1369,1,0,1,0
485,"3,2636",12,42,1764,1,0,1,0
486,"3,2416",9,40,1600,1,0,1,1
487,"3,2416",5,55,3025,1,0,1,0
488,"3,2201",12,41,1681,0,0,1,0
489,"3,1991",10,40,1600,0,0,1,0
490,"3,1991",12,37,1369,1,0,1,0
491,"3,1991",12,50,2500,1,0,1,0
492,"3,1991",12,28,784,1,0,1,0
493,"3,1991",16,24,576,1,0,1,1
494,"3,1991",12,23,529,1,1,0,0
495,"3,1785",5,50,2500,1,0,1,0
496,"3,1785",5,52,2704,1,0,1,0
497,"3,1000",12,46,2116,1,0,1,0
498,"3,1000",16,44,1936,1,0,1,0
499,"3,0449",9,35,1225,1,0,1,0
500,"3,0449",12,38,1444,0,0,1,0
501,"3,0449",12,35,1225,0,0,1,0
502,"2,7936",10,29,841,1,1,0,0
503,"3,4012",5,27,729,1,1,0,0
504,"3,2614",5,22,484,1,1,0,0
505,"3,0686",12,55,3025,0,0,1,0
506,"3,1944",5,34,1156,0,0,1,0
507,"3,5541",16,41,1681,1,0,1,0
508,"3,4459",16,24,576,0,1,0,0
509,"3,4459",9,30,900,0,0,1,0
510,"3,4459",12,48,2304,1,0,1,0
511,"3,4459",12,42,1764,1,0,1,0
512,"3,3253",12,48,2304,1,0,1,0
513,"3,3253",16,40,1600,1,0,1,0
514,"3,3028",12,42,1764,1,0,1,0
515,"3,2809",9,45,2025,1,0,1,0
516,"3,2383",9,45,2025,1,0,1,0
517,"3,1777",10,40,1600,1,0,1,0
518,"3,1583",10,40,1600,0,0,1,0
519,"3,1583",12,52,2704,1,0,1,0
520,"3,1205",5,31,961,1,0,1,0
521,"2,9048",5,36,1296,0,0,1,0
522,"3,3301",16,25,625,0,1,0,0
523,"3,0918",5,47,2209,1,0,1,0
524,"3,5450",12,45,2025,1,0,1,0
525,"3,5176",5,57,3249,0,0,1,0
526,"3,2784",12,42,1764,1,0,1,0
527,"3,1107",12,47,2209,1,0,1,0
528,"3,7460",12,50,2500,1,0,1,0
529,"3,4837",5,40,1600,0,0,1,0
530,"3,3630",5,36,1296,1,0,1,0
531,"3,3186",16,37,1369,1,0,1,0
532,"3,6392",16,33,1089,1,0,1,0
533,"3,5821",10,37,1369,1,1,0,0
534,"3,4767",10,49,2401,1,0,1,0
535,"3,4767",12,42,1764,1,0,1,0
536,"3,3814",10,45,2025,0,0,1,0
537,"3,3814",16,28,784,0,0,1,0
538,"3,3814",10,28,784,0,0,1,0
539,"3,3814",16,32,1024,0,0,1,0
540,"3,3589",16,36,1296,1,0,1,0
541,"3,3369",16,22,484,1,1,0,0
542,"3,2944",5,35,1225,1,0,1,0
543,"3,2536",12,33,1089,0,0,1,0
544,"3,1402",5,59,3481,1,0,1,0
545,"3,1402",5,57,3249,1,0,1,0
546,"3,1051",16,36,1296,1,0,1,0
547,"2,6547",16,40,1600,1,0,1,0
548,"3,4821",10,28,784,1,1,0,0
549,"3,1547",12,43,1849,1,0,1,0
550,"3,3994",16,28,784,0,0,1,0
551,"3,3994",12,50,2500,1,0,1,0
552,"3,3550",10,36,1296,1,0,1,0
553,"3,2918",16,30,900,1,1,0,1
554,"3,3095",9,35,1225,1,0,1,0
555,"3,1760",5,55,3025,0,0,1,0
556,"3,5298",16,32,1024,1,1,0,0
557,"3,4345",16,22,484,1,0,1,0
558,"3,4120",10,45,2025,1,0,1,0
559,"3,3901",10,40,1600,1,0,1,0
560,"3,5722",16,40,1600,0,0,1,0
561,"3,4071",16,33,1089,0,1,0,0
562,"3,3646",10,22,484,1,0,1,0
563,"3,2552",10,35,1225,0,0,1,0
564,"3,7869",9,38,1444,0,0,1,0
565,"3,7262",16,42,1764,0,0,1,0
566,"3,7262",16,51,2601,1,0,0,1
567,"3,6972",10,43,1849,1,0,1,0
568,"3,6417",16,24,576,1,1,0,0
569,"3,6417",16,35,1225,1,0,1,0
570,"3,5890",12,49,2401,1,0,1,0
571,"3,5890",5,40,1600,1,0,1,0
572,"3,5890",5,50,2500,1,0,1,0
573,"3,5890",16,32,1024,0,0,1,0
574,"3,5637",12,45,2025,0,0,1,0
575,"3,5637",12,28,784,0,0,1,0
576,"3,5637",10,41,1681,1,0,1,0
577,"3,5149",10,40,1600,1,0,1,0
578,"3,4914",16,44,1936,1,0,1,0
579,"3,4684",10,46,2116,1,0,1,0
580,"3,4684",5,58,3364,1,0,1,0
581,"3,4684",12,32,1024,1,0,1,0
582,"3,4684",16,45,2025,1,0,1,0
583,"3,4684",12,26,676,0,1,0,0
584,"3,4684",12,58,3364,1,0,1,0
585,"3,4684",12,50,2500,0,0,1,0
586,"3,4684",9,55,3025,0,0,1,0
587,"3,4684",5,33,1089,0,1,0,0
588,"3,4459",5,45,2025,1,0,1,0
589,"3,4459",16,25,625,1,1,0,0
590,"3,4240",10,36,1296,1,0,1,0
591,"3,4240",12,37,1369,1,0,1,0
592,"3,4240",10,40,1600,1,0,1,0
593,"3,4024",10,38,1444,1,0,1,0
594,"3,4024",16,33,1089,1,0,1,0
595,"3,3814",12,48,2304,1,0,1,0
596,"3,3814",16,30,900,1,1,0,0
597,"3,3814",9,42,1764,1,0,1,0
598,"3,3814",12,20,400,1,1,0,0
599,"3,3814",10,40,1600,1,0,1,0
600,"3,3814",16,35,1225,1,0,1,0
601,"3,3014",16,38,1444,1,0,1,0
602,"3,3014",12,35,1225,0,0,1,1
603,"3,2272",12,38,1444,0,0,1,0
604,"3,2272",9,38,1444,1,0,1,0
605,"3,4767",16,43,1849,1,0,1,0
606,"3,6056",16,36,1296,0,0,1,0
607,"3,4625",10,41,1681,1,0,1,0
608,"3,4952",16,41,1681,1,0,1,0
609,"3,7889",16,40,1600,1,0,1,0
610,"3,7300",16,38,1444,1,0,1,0
611,"3,6218",16,42,1764,1,0,1,0
612,"3,6218",16,40,1600,1,0,1,0
613,"3,4787",16,38,1444,1,0,1,0
614,"2,9547",16,27,729,0,1,0,1
615,"3,5092",16,22,484,1,1,0,0
616,"3,7460",5,35,1225,1,0,1,0
617,"3,6378",12,50,2500,1,0,1,0
618,"3,6125",9,34,1156,1,0,1,0
619,"3,6536",10,43,1849,1,0,1,0
620,"3,6536",12,25,625,0,0,1,0
621,"3,6951",9,40,1600,1,0,1,0
622,"3,6691",12,45,2025,0,0,1,0
623,"3,6691",16,39,1521,1,0,1,0
624,"3,6691",5,40,1600,1,0,1,0
625,"3,6438",10,45,2025,1,0,1,0
626,"3,6191",10,30,900,1,0,1,0
627,"3,5484",16,32,1024,1,1,0,0
628,"3,5484",16,45,2025,1,0,1,0
629,"3,5484",12,35,1225,1,0,1,0
630,"3,5260",5,48,2304,1,0,1,0
631,"3,5260",10,35,1225,1,0,1,0
632,"3,4825",16,36,1296,1,0,1,0
633,"3,4691",16,52,2704,1,0,1,0
634,"3,5412",5,40,1600,0,0,1,0
635,"3,4767",5,52,2704,1,0,1,0
636,"3,4767",10,28,784,1,0,1,0
637,"3,4767",16,38,1444,1,0,1,0
638,"3,7942",5,42,1764,1,0,1,0
639,"3,7142",16,40,1600,1,0,1,0
640,"3,7142",16,36,1296,1,0,1,0
641,"3,6401",10,36,1296,1,0,1,0
642,"3,2834",16,38,1444,1,0,1,0
643,"3,7288",16,49,2401,1,0,1,0
644,"3,7288",10,51,2601,1,0,1,0
645,"6,7136",16,23,529,1,1,0,0
646,"4,1109",16,26,676,1,1,0,0
647,"3,8514",16,56,3136,0,0,1,0
648,"3,8514",16,30,900,1,1,0,1
649,"3,7432",16,46,2116,1,0,1,0
650,"3,7179",16,43,1849,1,0,1,0
651,"3,7179",16,50,2500,1,0,1,0
652,"3,6226",16,55,3025,1,0,1,0
653,"3,6226",16,28,784,1,1,0,0
654,"3,6226",16,38,1444,0,0,1,0
655,"3,6001",16,48,2304,1,0,1,0
656,"3,5781",12,32,1024,1,0,1,0
657,"3,5781",16,49,2401,1,0,1,0
658,"3,5566",5,42,1764,1,0,1,0
659,"3,5355",10,50,2500,1,0,0,0
660,"3,5355",9,48,2304,1,0,1,0
661,"3,5355",16,48,2304,1,0,1,0
662,"3,3814",12,24,576,1,1,0,0
663,"3,6367",12,40,1600,1,0,1,0
664,"3,7714",10,30,900,1,0,1,0
665,"3,7714",16,40,1600,1,0,1,0
666,"3,5031",16,24,576,1,1,0,1
667,"3,1864",16,24,576,1,1,0,0
668,"3,6645",16,44,1936,1,0,1,0
669,"3,5911",10,36,1296,1,0,1,0
670,"3,8122",5,54,2916,1,0,1,0
671,"3,8122",12,45,2025,1,0,1,0
672,"3,8122",10,30,900,1,0,1,0
673,"3,7869",12,50,2500,1,0,1,0
674,"3,7381",10,44,1936,1,0,1,0
675,"3,6915",10,50,2500,1,0,1,0
676,"3,6915",12,41,1681,1,0,1,0
677,"3,6691",10,36,1296,0,0,1,0
678,"3,6045",10,36,1296,0,0,1,0
679,"3,8514",16,46,2116,0,0,1,0
680,"3,6927",16,35,1225,1,0,1,0
681,"4,2444",16,37,1369,1,0,1,0
682,"4,0438",16,31,961,1,1,0,0
683,"3,8767",16,35,1225,1,0,1,0
684,"3,8767",10,48,2304,1,0,1,0
685,"3,8767",12,38,1444,1,0,1,0
686,"3,8514",10,39,1521,1,0,1,0
687,"3,8514",10,30,900,1,0,1,0
688,"3,8267",10,44,1936,1,0,1,0
689,"3,8026",16,44,1936,1,1,0,1
690,"3,8026",12,45,2025,1,0,1,0
691,"3,7561",16,40,1600,1,0,1,0
692,"3,7561",12,30,900,1,0,1,0
693,"3,7561",5,48,2304,1,0,1,0
694,"3,7561",16,25,625,1,1,0,0
695,"3,7561",16,40,1600,1,0,1,0
696,"3,7336",16,38,1444,1,0,1,0
697,"3,7336",16,40,1600,1,0,1,0
698,"3,6901",16,44,1936,1,0,1,0
699,"3,6691",16,38,1444,0,0,1,0
700,"3,6691",16,30,900,1,1,0,0
701,"3,6691",9,43,1849,0,0,1,0
702,"3,6691",10,40,1600,1,0,1,0
703,"3,6085",5,55,3025,1,0,1,0
704,"3,5149",16,28,784,1,0,1,0
705,"3,5149",16,35,1225,1,0,1,0
706,"3,8224",12,47,2209,1,0,1,0
707,"4,0082",16,43,1849,1,0,1,0
708,"3,5396",16,48,2304,1,0,1,0
709,"3,7704",5,40,1600,0,0,1,0
710,"3,8025",16,26,676,1,1,0,0
711,"3,7824",12,55,3025,1,0,1,0
712,"3,9373",16,49,2401,1,0,1,0
713,"3,8167",16,38,1444,1,0,1,0
714,"3,8167",16,22,484,1,1,0,0
715,"3,8167",10,46,2116,1,0,1,0
716,"3,7297",16,40,1600,1,0,1,0
717,"3,4578",16,36,1296,1,0,1,0
718,"4,0804",16,38,1444,1,0,1,0
719,"3,9750",16,42,1764,1,0,1,0
720,"3,9652",16,40,1600,1,0,1,0
721,"3,9467",16,45,2025,1,0,1,0
722,"3,8069",16,45,2025,0,0,1,0
723,"3,9580",12,20,400,1,1,0,0
724,"4,7677",16,46,2116,1,0,1,1
725,"4,3259",12,43,1849,1,0,1,0
726,"4,1923",16,50,2500,1,0,1,0
727,"4,1317",16,55,3025,1,0,1,1
728,"4,1027",10,51,2601,1,0,1,0
729,"3,9945",16,45,2025,1,0,1,0
730,"3,9945",16,42,1764,1,0,1,0
731,"3,9692",16,55,3025,1,0,1,0
732,"3,8969",12,56,3136,1,0,1,0
733,"3,8739",16,45,2025,1,0,1,0
734,"3,8739",10,27,729,1,0,1,0
735,"3,8739",5,48,2304,1,0,1,0
736,"3,8739",16,41,1681,1,0,1,0
737,"3,8514",9,41,1681,1,0,1,0
738,"3,8514",10,40,1600,1,0,1,0
739,"3,8294",16,42,1764,1,0,1,0
740,"3,8079",10,26,676,1,1,0,0
741,"3,6327",5,36,1296,1,0,1,0
742,"3,9279",16,37,1369,1,0,1,0
743,"3,9279",16,34,1156,1,0,1,0
744,"3,8409",16,52,2704,1,0,1,0
745,"3,8409",16,48,2304,1,0,1,0
746,"4,2081",12,30,900,1,0,1,0
747,"4,0999",9,30,900,1,0,1,0
748,"4,0745",16,40,1600,1,0,1,0
749,"4,0745",16,27,729,1,1,0,0
750,"4,0745",16,25,625,1,0,1,0
751,"4,0745",16,52,2704,1,0,1,0
752,"4,0498",16,43,1849,1,0,1,0
753,"4,0258",16,45,2025,1,0,1,0
754,"3,9792",12,35,1225,1,0,1,0
755,"3,9792",16,47,2209,1,0,1,0
756,"3,9792",10,56,3136,1,0,1,0
757,"3,9792",16,45,2025,1,0,1,0
758,"3,9568",12,45,2025,1,0,0,0
759,"3,9568",16,46,2116,1,0,1,0
760,"3,9348",16,45,2025,1,0,1,0
761,"3,8922",16,46,2116,1,0,1,0
762,"3,8922",16,33,1089,1,1,0,1
763,"3,8922",16,45,2025,1,0,1,0
764,"3,8922",10,33,1089,0,0,1,0
765,"3,8922",16,25,625,1,0,1,0
766,"3,8514",16,24,576,1,1,0,0
767,"3,8514",10,40,1600,1,0,1,0
768,"3,8514",16,38,1444,0,0,1,0
769,"3,8122",16,40,1600,0,0,1,0
770,"3,7744",16,42,1764,1,0,1,0
771,"3,7381",16,48,2304,1,0,1,0
772,"3,7030",10,32,1024,1,0,1,0
773,"3,5149",10,29,841,0,0,1,0
774,"4,8485",16,55,3025,1,0,1,0
775,"3,7422",16,54,2916,1,0,1,0
776,"4,2859",16,44,1936,1,1,0,1
777,"4,1233",16,40,1600,1,0,1,0
778,"4,1233",16,52,2704,1,0,1,1
779,"4,0055",16,40,1600,1,0,1,0
780,"4,0055",12,31,961,0,0,1,0
781,"3,9410",16,45,2025,1,0,1,0
782,"3,9410",9,55,3025,1,0,1,0
783,"4,1581",16,44,1936,1,0,1,0
784,"4,0150",16,56,3136,1,0,1,0
785,"4,3278",16,29,841,1,1,0,1
786,"4,1952",16,60,3600,1,0,1,0
787,"4,1699",16,35,1225,1,0,1,0
788,"4,0745",16,47,2209,0,0,1,0
789,"4,0745",16,36,1296,1,0,1,0
790,"4,0745",16,54,2916,1,0,1,0
791,"3,9875",16,35,1225,1,0,1,0
792,"3,8334",16,35,1225,1,0,1,0
793,"4,1391",16,39,1521,1,0,1,0
794,"3,9344",12,46,2116,0,0,1,0
795,"4,2422",10,38,1444,1,0,1,1
796,"4,3863",16,55,3025,1,0,1,0
797,"7,9457",16,42,1764,1,0,1,0
798,"4,4800",16,46,2116,1,0,1,0
799,"4,2822",16,52,2704,0,0,1,0
800,"4,2569",16,53,2809,1,0,1,0
801,"4,1616",16,42,1764,1,0,1,0
802,"4,1616",16,35,1225,1,0,1,0
803,"4,1616",5,55,3025,1,0,1,0
804,"4,1616",16,35,1225,1,0,1,0
805,"4,1391",16,58,3364,1,0,1,0
806,"4,1391",10,35,1225,1,0,1,0
807,"4,1391",10,28,784,1,0,1,0
808,"4,0745",16,45,2025,1,0,1,0
809,"4,0745",16,40,1600,1,0,1,0
810,"4,0745",16,40,1600,1,0,1,0
811,"3,9755",9,56,3136,1,0,1,0
812,"3,9204",16,44,1936,1,0,1,0
813,"4,1799",16,42,1764,1,0,1,0
814,"4,1364",16,55,3025,1,0,1,0
815,"4,1738",16,30,900,0,0,1,0
816,"4,3622",16,30,900,1,0,1,0
817,"4,3369",16,37,1369,1,1,0,0
818,"4,3369",10,50,2500,1,0,1,0
819,"4,1546",16,44,1936,1,0,1,0
820,"4,0745",12,54,2916,0,0,1,0
821,"4,6962",16,49,2401,1,0,1,0
822,"4,2349",16,50,2500,0,0,1,0
823,"4,1923",16,42,1764,1,0,1,0
824,"4,2070",16,40,1600,1,0,1,0
825,"5,1555",16,49,2401,1,0,1,0
826,"4,3622",5,50,2500,1,0,1,0
827,"4,3157",16,45,2025,1,0,1,0
828,"4,2713",16,33,1089,0,0,1,0
829,"4,2713",16,38,1444,1,0,1,0
830,"4,4214",16,40,1600,1,0,1,0
831,"4,7677",16,56,3136,1,1,0,1
832,"4,4800",16,32,1024,1,0,1,0
833,"4,4800",16,54,2916,1,0,1,0
834,"4,4800",16,46,2116,1,0,1,0
835,"4,3847",16,55,3025,1,0,1,0
836,"4,3622",16,55,3025,1,0,1,0
837,"4,2977",16,45,2025,1,0,1,0
838,"4,3927",16,43,1849,1,0,1,0
839,"4,1958",16,44,1936,1,0,1,0
840,"4,5445",16,30,900,1,0,1,0
841,"4,4492",10,34,1156,1,0,1,0
842,"4,4268",16,40,1600,1,0,1,0
843,"4,3214",16,45,2025,1,0,1,0
844,"4,1391",16,32,1024,1,0,1,1
845,"4,5753",16,39,1521,1,0,1,0
846,"4,5506",16,44,1936,1,0,1,0
847,"4,4356",16,38,1444,1,0,1,1
848,"5,2436",16,34,1156,1,0,1,0
849,"4,5564",16,54,2916,1,0,1,0
850,"4,5099",16,44,1936,1,0,1,0
851,"4,5622",16,48,2304,1,0,1,0
852,"5,0190",16,47,2209,1,0,1,0
853,"4,6876",16,42,1764,1,0,1,0
854,"4,6135",16,45,2025,1,0,1,0
855,"4,5226",16,40,1600,1,0,1,0
856,"4,4800",16,37,1369,1,0,1,0
857,"4,3082",16,42,1764,1,0,1,0
858,"3,9204",16,49,2401,1,0,1,0
859,"4,6897",16,55,3025,1,0,1,0
860,"4,5719",16,50,2500,1,0,1,0
861,"4,8576",16,42,1764,1,0,1,1
862,"4,8576",16,34,1156,1,0,1,0
863,"5,1472",16,50,2500,1,0,1,0
864,"4,9908",16,42,1764,1,0,1,0
865,"4,7189",16,45,2025,1,0,1,0
866,"4,7189",16,52,2704,0,0,1,0
867,"4,6499",10,49,2401,0,0,1,0
868,"4,5854",16,32,1024,1,0,1,0
869,"4,3622",16,45,2025,1,0,1,0
870,"5,5196",16,40,1600,1,0,1,0
871,"4,8579",16,40,1600,1,0,1,0
872,"4,8653",16,36,1296,1,0,1,0
873,"4,7677",16,59,3481,1,0,1,0
874,"4,7232",16,44,1936,1,0,1,0
875,"4,3034",16,51,2601,1,0,1,0
876,"4,9075",16,45,2025,1,0,1,0
877,"4,9753",16,44,1936,1,0,1,0
878,"4,8384",16,38,1444,1,0,1,0
879,"5,0162",10,40,1600,1,0,1,0
880,"5,0162",16,46,2116,1,0,1,0
881,"4,8955",16,48,2304,1,0,1,0
882,"4,8955",16,45,2025,0,0,1,0
883,"4,8730",16,49,2401,1,0,1,0
884,"4,8511",16,48,2304,1,0,1,0
885,"4,6724",16,58,3364,1,0,1,0
886,"4,5854",16,46,2116,1,0,1,0
887,"4,9347",16,52,2704,1,0,1,0
888,"4,9065",16,43,1849,1,0,1,0
889,"5,1295",16,48,2304,1,0,1,0
890,"4,9864",16,55,3025,1,0,1,0
891,"4,7122",12,30,900,1,0,1,0
892,"4,4312",10,22,484,1,1,0,0
893,"5,1654",16,50,2500,1,0,1,0
894,"5,5504",16,39,1521,1,0,1,0
895,"5,1875",16,41,1681,1,0,1,0
896,"4,8457",16,47,2209,1,0,1,0
897,"6,3283",16,50,2500,1,0,1,0
898,"-0,1740",5,38,1444,0,0,1,0
899,"0,3857",9,56,3136,0,0,1,0
900,"0,4308",10,35,1225,0,0,1,0
901,"0,9715",16,36,1296,0,0,1,0
902,"0,7657",16,28,784,0,0,1,0
903,"0,8557",12,47,2209,0,0,1,1
904,"1,1041",12,33,1089,0,0,1,0
905,"1,0563",5,40,1600,1,0,1,0
906,"1,1892",16,31,961,1,0,1,0
907,"1,3171",12,55,3025,0,0,1,0
908,"1,2681",5,48,2304,1,0,1,0
909,"1,6823",10,24,576,0,1,0,1
910,"1,5741",16,24,576,1,1,0,1
911,"1,4535",12,50,2500,1,0,1,0
912,"1,3665",5,17,289,1,1,0,0
913,"1,3665",5,16,256,1,1,0,0
914,"1,5735",16,48,2304,1,0,1,0
915,"1,2611",5,41,1681,0,1,0,0
916,"1,6322",16,54,2916,1,1,0,1
917,"1,6542",5,32,1024,1,0,1,0
918,"2,1597",5,45,2025,0,0,1,1
919,"2,1337",16,26,676,1,1,0,0
920,"2,0596",9,26,676,0,1,0,1
921,"2,0596",12,18,324,0,1,0,1
922,"2,0131",12,20,400,1,0,1,1
923,"2,0131",5,24,576,0,1,0,1
924,"2,0131",12,35,1225,1,0,1,1
925,"2,0131",9,26,676,0,0,1,1
926,"1,5488",12,36,1296,1,0,1,1
927,"2,5296",10,27,729,0,0,1,1
928,"2,2991",10,27,729,0,1,0,1
929,"2,1619",9,41,1681,1,0,1,1
930,"2,0878",9,25,625,0,0,1,1
931,"2,0878",9,27,729,0,0,1,1
932,"1,9968",9,25,625,0,1,0,1
933,"1,9968",10,26,676,1,0,1,1
934,"1,9543",12,18,324,0,1,0,1
935,"1,9543",12,26,676,1,0,1,1
936,"2,0712",12,30,900,1,0,1,1
937,"2,3399",10,19,361,0,0,1,0
938,"2,2828",12,35,1225,1,0,1,1
939,"2,2828",10,30,900,0,0,1,1
940,"2,2027",12,35,1225,0,0,1,1
941,"2,1774",12,29,841,0,0,1,1
942,"2,1774",12,32,1024,0,0,1,1
943,"2,1527",10,32,1024,0,0,1,1
944,"2,1286",9,39,1521,0,0,1,1
945,"2,0821",12,19,361,0,1,0,1
946,"2,0821",12,20,400,0,1,0,1
947,"2,0821",12,27,729,0,0,1,1
948,"2,0377",5,16,256,0,1,0,0
949,"1,8409",12,38,1444,0,0,1,1
950,"1,4596",5,53,2809,0,0,1,0
951,"2,3473",5,37,1369,1,0,1,1
952,"2,3597",12,28,784,0,0,1,1
953,"2,2200",16,58,3364,1,0,1,0
954,"2,2200",5,18,324,0,1,0,0
955,"2,2200",5,20,400,0,1,0,0
956,"2,1774",5,26,676,0,0,1,0
957,"2,1774",9,23,529,0,0,1,0
958,"2,2315",5,28,784,1,0,1,0
959,"2,2109",5,54,2916,0,0,1,0
960,"2,2845",5,26,676,0,1,0,0
961,"1,5282",5,51,2601,0,0,1,0
962,"3,0376",5,30,900,0,0,1,0
963,"2,3445",5,46,2116,1,0,1,0
964,"2,3000",5,40,1600,0,0,1,0
965,"2,1033",9,45,2025,0,0,1,0
966,"2,6276",16,28,784,1,1,0,1
967,"2,5705",10,24,576,1,0,1,1
968,"2,5705",10,24,576,0,1,0,0
969,"2,5705",16,22,484,0,0,1,0
970,"2,5705",5,19,361,1,1,0,0
971,"2,4904",9,23,529,1,0,1,0
972,"2,3698",16,32,1024,1,0,1,0
973,"2,3473",12,36,1296,0,0,1,0
974,"2,3473",5,45,2025,0,0,1,0
975,"2,3473",5,52,2704,1,0,1,0
976,"2,1286",5,40,1600,0,0,1,0
977,"2,1286",12,24,576,0,1,0,0
978,"2,1286",12,24,576,0,0,1,0
979,"1,9345",5,38,1444,0,0,1,0
980,"1,9055",5,35,1225,0,0,1,0
981,"1,9055",5,50,2500,0,0,1,0
982,"1,8773",5,45,2025,0,0,1,0
983,"1,7232",5,40,1600,0,0,1,0
984,"1,7232",5,52,2704,0,0,1,0
985,"2,6193",16,32,1024,1,0,1,0
986,"2,3961",5,48,2304,1,0,1,0
987,"2,3316",9,22,484,0,1,0,0
988,"2,4365",12,26,676,0,0,1,0
989,"2,6939",5,30,900,0,0,1,0
990,"2,4651",5,39,1521,0,0,1,0
991,"2,4651",5,33,1089,0,0,1,0
992,"2,4426",5,21,441,1,0,1,0
993,"2,3781",5,23,529,1,1,0,0
994,"2,3781",5,40,1600,1,0,1,0
995,"2,3781",5,32,1024,0,0,1,0
996,"2,3781",5,35,1225,0,0,1,0
997,"2,3781",5,46,2116,0,0,1,0
998,"2,0008",5,30,900,0,0,1,0
999,"2,4696",5,18,324,1,1,0,0
1000,"2,6882",5,26,676,1,0,1,0
1001,"2,4871",16,26,676,0,0,1,0
1002,"2,8099",5,42,1764,1,0,1,0
1003,"2,6727",5,19,361,1,1,0,0
1004,"2,5751",5,25,625,0,0,1,0
1005,"2,5521",12,26,676,0,0,1,0
1006,"2,5077",12,34,1156,1,0,1,0
1007,"2,4651",5,27,729,0,0,1,0
1008,"2,4651",9,38,1444,1,0,1,0
1009,"2,4651",5,36,1296,1,0,0,1
1010,"2,4833",5,44,1936,1,0,0,0
1011,"2,6934",5,35,1225,0,0,1,0
1012,"2,5727",9,55,3025,0,0,1,0
1013,"1,9403",5,26,676,0,0,1,0
1014,"3,8922",12,60,3600,1,0,1,0
1015,"2,9759",16,29,841,1,1,0,0
1016,"2,8508",5,35,1225,1,0,1,0
1017,"2,8218",10,23,529,0,1,0,0
1018,"2,8218",10,25,625,0,1,0,0
1019,"2,7936",12,17,289,0,1,0,1
1020,"2,7936",10,28,784,1,1,0,1
1021,"2,7136",5,40,1600,0,0,1,0
1022,"2,7136",9,40,1600,0,0,1,0
1023,"2,6395",10,25,625,1,1,0,1
1024,"2,6395",5,30,900,0,0,1,0
1025,"2,5929",16,38,1444,0,0,1,0
1026,"2,5929",12,31,961,1,0,1,0
1027,"2,5705",9,34,1156,0,0,1,0
1028,"2,5705",5,35,1225,1,0,1,0
1029,"2,5485",5,26,676,1,0,1,0
1030,"2,5485",5,40,1600,0,0,1,0
1031,"2,5059",5,35,1225,0,0,1,0
1032,"2,5059",16,27,729,0,0,1,0
1033,"2,5059",5,30,900,1,1,0,0
1034,"2,5059",5,58,3364,1,0,1,0
1035,"2,5059",12,52,2704,0,0,1,0
1036,"2,5059",10,29,841,1,1,0,1
1037,"2,4853",5,38,1444,1,0,1,0
1038,"2,4853",9,24,576,0,0,1,0
1039,"2,3518",5,50,2500,1,0,1,0
1040,"2,3518",5,50,2500,0,0,1,0
1041,"2,3518",5,38,1444,0,0,1,0
1042,"2,3341",12,50,2500,1,0,1,0
1043,"2,2828",5,50,2500,1,0,1,0
1044,"2,2027",5,48,2304,0,0,1,0
1045,"2,1286",12,40,1600,0,0,1,0
1046,"1,9463",5,30,900,0,0,1,0
1047,"2,6009",5,23,529,0,1,0,0
1048,"2,5230",5,32,1024,0,0,1,0
1049,"2,5683",5,22,484,1,1,0,0
1050,"2,8173",5,32,1024,1,0,1,0
1051,"2,2900",9,36,1296,0,0,1,0
1052,"2,5149",9,36,1296,1,0,1,0
1053,"2,7489",12,25,625,0,0,1,0
1054,"2,8900",16,31,961,0,1,0,0
1055,"2,8900",5,30,900,1,0,1,0
1056,"2,8900",5,28,784,1,0,1,1
1057,"2,7528",12,24,576,1,1,0,0
1058,"2,6322",10,30,900,0,0,1,0
1059,"2,6322",10,19,361,1,0,1,1
1060,"2,5451",9,39,1521,1,0,1,0
1061,"2,5245",9,43,1849,1,0,1,0
1062,"2,1679",10,17,289,1,0,1,0
1063,"2,1679",5,50,2500,0,0,1,0
1064,"1,9855",5,48,2304,0,0,1,0
1065,"3,0274",12,30,900,1,0,1,0
1066,"2,7427",12,19,361,1,1,0,0
1067,"2,5604",5,36,1296,0,0,1,0
1068,"2,6068",5,40,1600,1,0,1,0
1069,"2,4100",9,40,1600,0,0,1,0
1070,"2,6075",9,28,784,1,0,1,0
1071,"2,6587",9,32,1024,0,0,1,0
1072,"2,5736",5,36,1296,0,0,1,0
1073,"2,7831",5,34,1156,0,0,1,0
1074,"2,8657",9,32,1024,1,0,1,0
1075,"2,6225",9,35,1225,0,0,1,0
1076,"3,0529",5,41,1681,0,0,1,0
1077,"2,8987",5,26,676,1,0,1,0
1078,"2,8706",16,24,576,1,0,1,1
1079,"2,6929",5,27,729,0,0,1,0
1080,"2,6699",9,40,1600,1,0,1,0
1081,"2,6699",10,18,324,1,0,1,1
1082,"2,6699",16,57,3249,0,0,1,0
1083,"2,6699",5,27,729,0,0,1,0
1084,"2,5829",10,22,484,1,1,0,1
1085,"2,4287",5,30,900,0,0,1,0
1086,"2,4287",12,45,2025,1,0,1,0
1087,"2,6291",5,41,1681,1,0,1,0
1088,"2,9333",9,21,441,1,1,0,0
1089,"2,6552",12,21,441,0,1,0,0
1090,"2,8831",12,26,676,0,0,1,0
1091,"2,9406",9,22,484,1,1,0,0
1092,"2,6009",9,32,1024,0,0,1,0
1093,"2,9171",5,39,1521,0,0,1,0
1094,"2,6820",12,22,484,1,1,0,0
1095,"4,4110",10,24,576,0,0,1,0
1096,"2,9939",12,25,625,1,1,0,0
1097,"2,9641",16,22,484,1,1,0,0
1098,"2,9641",16,26,676,1,1,0,1
1099,"2,9641",5,50,2500,1,0,1,0
1100,"2,9069",10,31,961,1,1,0,0
1101,"2,8529",5,38,1444,1,0,1,0
1102,"2,8016",16,24,576,1,1,0,1
1103,"2,8016",12,22,484,0,1,0,1
1104,"2,7528",5,38,1444,0,0,1,0
1105,"2,7528",10,27,729,1,0,1,1
1106,"2,7063",10,35,1225,0,0,1,0
1107,"2,7063",5,30,900,1,0,1,0
1108,"2,7063",5,25,625,0,0,1,0
1109,"2,7063",10,27,729,1,1,0,0
1110,"2,7063",5,26,676,1,0,1,1
1111,"2,7063",10,20,400,1,0,1,1
1112,"2,7063",9,25,625,0,0,1,0
1113,"2,7063",5,43,1849,0,0,1,0
1114,"2,7063",5,47,2209,0,0,1,0
1115,"2,6838",5,38,1444,0,0,1,0
1116,"2,6838",5,52,2704,0,0,1,0
1117,"2,6838",10,25,625,1,0,1,0
1118,"2,6838",5,34,1156,0,0,1,0
1119,"2,6618",9,27,729,0,0,1,0
1120,"2,6618",5,25,625,0,0,1,0
1121,"2,6618",16,44,1936,1,0,1,1
1122,"2,6618",5,30,900,0,0,1,0
1123,"2,6193",5,30,900,0,0,1,0
1124,"2,6193",5,40,1600,0,0,1,0
1125,"2,6193",5,39,1521,1,0,1,1
1126,"2,6193",5,30,900,0,0,1,0
1127,"2,6193",16,30,900,1,1,0,1
1128,"2,6193",16,22,484,1,1,0,0
1129,"2,6193",5,24,576,0,0,1,0
1130,"2,6193",5,30,900,1,0,1,0
1131,"2,5202",5,48,2304,1,0,1,0
1132,"2,3008",9,45,2025,1,0,1,0
1133,"2,3008",12,40,1600,0,0,1,0
1134,"2,8305",5,20,400,1,0,1,0
1135,"2,4032",9,27,729,1,0,1,0
1136,"2,7187",10,25,625,0,1,0,1
1137,"2,7247",12,25,625,0,0,1,0
1138,"2,9853",12,18,324,0,1,0,1
1139,"2,5639",5,38,1444,0,0,1,0
1140,"2,7327",10,40,1600,1,0,1,0
1141,"3,0290",9,40,1600,1,0,1,0
1142,"2,9992",9,32,1024,0,0,1,0
1143,"2,9992",10,26,676,0,0,1,1
1144,"2,9992",10,18,324,1,1,0,0
1145,"2,9992",12,28,784,0,1,0,0
1146,"2,9702",16,38,1444,0,0,1,0
1147,"2,9420",5,38,1444,0,0,1,0
1148,"2,8620",5,17,289,1,1,0,0
1149,"2,8620",5,30,900,1,0,1,0
1150,"2,8620",9,24,576,0,0,1,0
1151,"2,8367",5,26,676,0,0,1,0
1152,"2,8367",9,25,625,0,1,0,0
1153,"2,7879",9,39,1521,0,0,1,0
1154,"2,7414",5,31,961,0,0,1,0
1155,"2,7189",5,35,1225,0,0,1,0
1156,"2,6543",5,32,1024,0,0,1,0
1157,"2,6543",12,25,625,1,1,0,0
1158,"2,6543",5,28,784,0,0,1,0
1159,"2,6543",9,18,324,1,1,0,0
1160,"2,6543",5,28,784,1,0,1,0
1161,"2,6543",5,36,1296,1,0,1,0
1162,"2,5002",12,24,576,0,0,1,0
1163,"2,3667",12,24,576,0,0,1,0
1164,"2,8637",12,30,900,1,0,1,1
1165,"2,8651",5,50,2500,1,0,0,1
1166,"2,9740",12,31,961,0,0,1,0
1167,"2,1033",5,42,1764,1,0,1,0
1168,"2,8459",9,22,484,0,0,1,0
1169,"2,9822",5,34,1156,0,1,0,0
1170,"2,9017",5,35,1225,1,0,1,0
1171,"4,5954",16,25,625,0,1,0,0
1172,"2,7585",5,49,2401,0,0,1,0
1173,"3,0478",5,34,1156,0,0,1,0
1174,"2,3002",5,40,1600,0,0,1,0
1175,"2,8858",5,25,625,0,0,1,0
1176,"2,8605",16,28,784,1,0,1,1
1177,"2,7427",12,35,1225,0,0,1,0
1178,"2,3009",5,42,1764,0,0,1,0
1179,"3,2206",5,34,1156,0,0,1,0
1180,"2,6816",5,22,484,0,1,0,0
1181,"2,1219",9,51,2601,1,0,1,0
1182,"2,7468",12,28,784,0,0,1,0
1183,"3,1888",10,19,361,1,1,0,1
1184,"3,0297",16,25,625,0,0,1,0
1185,"3,0321",5,25,625,0,0,1,0
1186,"3,6691",5,30,900,0,0,1,0
1187,"3,5637",9,27,729,0,0,1,0
1188,"3,5149",5,48,2304,1,1,0,1
1189,"3,4684",12,45,2025,0,0,1,1
1190,"3,2272",12,20,400,0,1,0,0
1191,"3,1583",12,23,529,0,0,1,1
1192,"3,1583",12,28,784,1,1,0,1
1193,"3,0331",12,26,676,0,0,1,0
1194,"3,0331",12,35,1225,1,0,1,1
1195,"3,0331",10,40,1600,0,0,1,0
1196,"3,0331",10,45,2025,0,0,1,1
1197,"3,0331",16,24,576,1,1,0,1
1198,"3,0331",12,29,841,1,0,1,0
1199,"3,0331",5,45,2025,1,0,1,0
1200,"3,0331",5,35,1225,1,0,1,0
1201,"3,0331",5,40,1600,1,0,1,0
1202,"3,0331",12,29,841,0,1,0,0
1203,"3,0041",16,39,1521,1,0,1,0
1204,"3,0041",12,42,1764,0,0,1,0
1205,"2,9759",5,45,2025,1,0,1,0
1206,"2,9759",12,53,2809,1,0,1,0
1207,"2,9759",10,36,1296,1,0,1,0
1208,"2,9759",9,47,2209,0,0,1,0
1209,"2,9759",12,33,1089,1,0,1,0
1210,"2,8959",5,43,1849,0,0,1,0
1211,"2,8959",5,35,1225,1,0,1,0
1212,"2,8959",12,33,1089,0,0,1,0
1213,"2,8959",12,32,1024,1,0,1,0
1214,"2,8959",12,32,1024,1,0,1,0
1215,"2,8959",10,25,625,1,1,0,0
1216,"2,8959",9,39,1521,1,0,1,1
1217,"2,8959",12,35,1225,0,0,1,0
1218,"2,8706",12,42,1764,0,0,1,0
1219,"2,8706",12,35,1225,0,0,1,1
1220,"2,8459",5,40,1600,1,0,1,0
1221,"2,8218",5,25,625,0,0,1,1
1222,"2,8218",16,29,841,0,0,1,0
1223,"2,7753",12,40,1600,0,0,1,0
1224,"2,7753",12,30,900,0,0,1,0
1225,"2,7753",5,38,1444,0,0,1,0
1226,"2,7753",5,35,1225,0,0,1,0
1227,"2,7753",12,22,484,1,1,0,0
1228,"2,7753",12,30,900,1,0,1,0
1229,"2,7753",12,25,625,1,0,1,1
1230,"2,7753",12,35,1225,1,0,1,1
1231,"2,7753",12,36,1296,0,0,1,1
1232,"2,7753",12,37,1369,1,0,1,1
1233,"2,7753",16,50,2500,1,0,0,1
1234,"2,7753",5,46,2116,1,0,1,0
1235,"2,7753",5,22,484,1,0,1,0
1236,"2,7753",9,25,625,1,1,0,0
1237,"2,7753",12,30,900,1,1,0,0
1238,"2,7753",12,40,1600,1,0,1,0
1239,"2,7528",5,40,1600,0,0,1,0
1240,"2,7528",5,45,2025,0,0,1,0
1241,"2,7528",5,54,2916,1,0,1,1
1242,"2,7528",5,60,3600,1,0,1,0
1243,"2,7528",5,39,1521,0,0,1,0
1244,"2,7528",5,36,1296,1,0,1,0
1245,"2,7528",9,23,529,1,1,0,0
1246,"2,7528",16,30,900,1,1,0,0
1247,"2,7528",12,46,2116,0,0,1,0
1248,"2,7308",12,36,1296,1,0,1,1
1249,"2,7308",10,20,400,0,0,1,1
1250,"2,7308",10,30,900,0,0,1,0
1251,"2,7308",5,38,1444,1,0,1,0
1252,"2,7308",5,55,3025,1,0,1,0
1253,"2,7308",5,45,2025,0,0,1,0
1254,"2,7308",12,40,1600,1,0,1,0
1255,"2,6882",12,35,1225,0,0,1,0
1256,"2,6882",5,26,676,1,1,0,0
1257,"2,6882",5,46,2116,1,0,1,0
1258,"2,6882",5,50,2500,1,0,1,0
1259,"2,6882",9,36,1296,1,0,1,1
1260,"2,6882",9,40,1600,1,0,1,1
1261,"2,6882",10,20,400,1,1,0,1
1262,"2,6882",10,38,1444,1,1,0,1
1263,"2,6882",16,25,625,1,1,0,1
1264,"2,6882",16,25,625,1,1,0,0
1265,"2,6882",5,57,3249,1,0,1,0
1266,"2,6882",9,35,1225,1,0,1,0
1267,"2,6676",5,28,784,1,0,1,0
1268,"2,6676",5,35,1225,0,0,1,0
1269,"2,5341",9,20,400,1,0,1,0
1270,"2,5341",9,53,2809,1,0,1,0
1271,"2,5341",5,31,961,0,0,1,0
1272,"2,5341",9,25,625,0,1,0,0
1273,"2,5341",9,45,2025,0,0,1,0
1274,"2,4651",5,48,2304,0,0,1,0
1275,"2,4651",5,35,1225,1,0,1,0
1276,"2,3110",9,45,2025,0,0,1,0
1277,"2,3110",5,32,1024,0,0,1,0
1278,"2,3110",5,55,3025,1,0,1,0
1279,"2,1286",5,45,2025,0,0,1,0
1280,"2,1286",5,19,361,0,1,0,0
1281,"2,1286",5,40,1600,0,0,1,0
1282,"1,9951",5,30,900,1,0,1,0
1283,"2,5374",5,45,2025,0,0,1,0
1284,"3,0107",10,24,576,1,0,1,1
1285,"3,0124",10,26,676,0,0,1,0
1286,"2,6165",5,37,1369,1,0,1,1
1287,"3,1682",5,58,3364,0,0,1,0
1288,"2,9058",9,36,1296,1,0,1,0
1289,"2,5837",12,24,576,0,1,0,0
1290,"2,4783",5,32,1024,0,0,1,0
1291,"3,0190",12,32,1024,0,1,0,1
1292,"3,2087",16,26,676,1,1,0,1
1293,"3,0496",12,52,2704,1,0,1,0
1294,"3,0496",10,33,1089,0,0,1,0
1295,"2,7918",12,35,1225,0,0,1,0
1296,"2,7048",10,22,484,0,0,1,0
1297,"2,9957",5,45,2025,1,0,1,0
1298,"2,7951",10,22,484,1,1,0,1
1299,"2,9173",12,30,900,0,0,1,0
1300,"2,7791",5,32,1024,0,1,0,0
1301,"2,7810",5,30,900,1,0,1,0
1302,"3,0659",16,33,1089,1,0,1,0
1303,"3,0659",5,30,900,0,0,1,0
1304,"3,0659",12,34,1156,0,0,1,0
1305,"3,0369",12,41,1681,0,0,1,0
1306,"3,0087",5,48,2304,0,0,1,0
1307,"2,8546",12,27,729,0,0,1,0
1308,"2,8080",5,31,961,0,0,1,0
1309,"2,7210",5,36,1296,1,0,1,0
1310,"2,7210",10,25,625,1,1,0,0
1311,"2,6604",16,25,625,0,1,0,0
1312,"2,5669",5,34,1156,0,0,1,0
1313,"2,1614",12,47,2209,0,0,1,0
1314,"2,8126",10,30,900,1,0,1,0
1315,"3,0723",10,26,676,0,1,0,1
1316,"2,8145",9,32,1024,1,0,1,0
1317,"3,0449",5,36,1296,1,0,1,0
1318,"3,0177",9,38,1444,1,0,1,0
1319,"2,5765",5,24,576,1,0,1,0
1320,"2,9447",12,34,1156,1,0,1,1
1321,"2,8240",9,43,1849,0,0,1,0
1322,"2,8016",5,45,2025,0,0,1,0
1323,"2,8016",5,31,961,0,0,1,0
1324,"2,5867",9,22,484,1,1,0,0
1325,"3,4365",10,45,2025,1,0,0,1
1326,"3,0310",12,33,1089,1,0,1,0
1327,"2,8079",12,34,1156,0,0,1,0
1328,"2,7497",5,40,1600,1,0,1,0
1329,"2,5955",9,35,1225,1,0,1,0
1330,"3,7336",12,28,784,1,0,1,0
1331,"3,0976",5,48,2304,0,0,1,0
1332,"3,0976",12,26,676,1,0,1,1
1333,"3,0976",12,30,900,1,0,1,0
1334,"3,0976",10,28,784,1,1,0,0
1335,"3,0976",16,28,784,0,0,1,0
1336,"3,0976",16,35,1225,0,0,1,0
1337,"3,0976",12,25,625,0,0,1,1
1338,"3,0686",12,29,841,0,0,1,1
1339,"3,0686",10,39,1521,1,0,1,1
1340,"3,0686",10,46,2116,0,0,1,0
1341,"3,0405",10,30,900,1,0,1,0
1342,"3,0405",12,25,625,0,0,1,0
1343,"2,9604",10,36,1296,1,0,1,0
1344,"2,9604",10,36,1296,1,0,1,0
1345,"2,9604",10,25,625,0,0,1,0
1346,"2,9604",16,22,484,1,1,0,0
1347,"2,9604",5,35,1225,1,0,1,0
1348,"2,9604",5,40,1600,1,0,1,0
1349,"2,9351",5,28,784,0,0,1,0
1350,"2,9351",5,41,1681,0,0,1,0
1351,"2,9104",12,44,1936,1,0,1,0
1352,"2,8863",12,21,441,1,1,0,0
1353,"2,8863",5,35,1225,1,0,1,0
1354,"2,8863",12,25,625,1,0,1,1
1355,"2,8398",5,35,1225,0,0,1,0
1356,"2,8398",5,38,1444,0,0,1,0
1357,"2,8398",5,42,1764,1,0,1,0
1358,"2,8398",12,33,1089,1,0,1,0
1359,"2,8398",12,34,1156,0,0,1,0
1360,"2,8398",5,35,1225,0,0,1,0
1361,"2,8398",5,41,1681,1,0,1,0
1362,"2,8398",9,32,1024,0,0,1,0
1363,"2,8398",12,18,324,0,1,0,1
1364,"2,8398",10,28,784,0,1,0,0
1365,"2,8398",5,30,900,1,0,1,0
1366,"2,8398",5,26,676,1,0,1,0
1367,"2,8398",12,42,1764,0,0,1,0
1368,"2,8173",12,38,1444,0,1,0,0
1369,"2,8173",12,41,1681,0,0,1,0
1370,"2,8173",5,38,1444,1,0,1,0
1371,"2,8173",5,50,2500,0,0,1,0
1372,"2,7953",5,41,1681,0,0,1,0
1373,"2,7953",9,26,676,0,0,1,0
1374,"2,7953",9,30,900,1,0,1,0
1375,"2,7953",12,20,400,0,1,0,1
1376,"2,7953",10,29,841,0,0,1,0
1377,"2,7953",10,35,1225,0,0,1,0
1378,"2,7953",5,29,841,0,0,1,0
1379,"2,7953",10,40,1600,0,0,1,0
1380,"2,7528",9,26,676,0,0,1,0
1381,"2,7528",5,35,1225,0,0,1,0
1382,"2,7528",12,20,400,1,1,0,0
1383,"2,7528",12,20,400,1,1,0,0
1384,"2,7528",12,32,1024,0,0,1,0
1385,"2,7528",9,32,1024,1,0,1,0
1386,"2,7528",12,24,576,1,1,0,0
1387,"2,7528",5,22,484,1,1,0,0
1388,"2,7528",5,28,784,0,0,1,0
1389,"2,7528",5,50,2500,1,0,1,0
1390,"2,7528",5,38,1444,1,0,1,1
1391,"2,7528",5,58,3364,1,0,1,0
1392,"2,6727",5,29,841,0,0,1,0
1393,"2,6537",12,28,784,0,0,1,0
1394,"2,6350",5,48,2304,0,0,1,0
1395,"2,5986",10,40,1600,0,0,1,0
1396,"2,5986",5,55,3025,0,0,1,0
1397,"2,5986",9,38,1444,0,0,1,0
1398,"2,5296",5,35,1225,0,0,1,0
1399,"2,5131",5,50,2500,0,0,1,0
1400,"2,3755",5,42,1764,1,0,1,0
1401,"2,3755",16,31,961,1,0,1,0
1402,"2,1932",5,55,3025,0,0,1,0
1403,"2,8445",10,42,1764,0,0,1,0
1404,"2,7197",10,30,900,0,1,0,0
1405,"2,8267",12,30,900,0,0,1,1
1406,"3,0811",16,30,900,0,1,0,0
1407,"3,2707",5,48,2304,1,0,1,0
1408,"3,0826",5,59,3481,1,0,1,0
1409,"3,0560",12,39,1521,0,0,1,0
1410,"2,9759",9,18,324,1,1,0,0
1411,"2,8553",5,34,1156,0,0,1,0
1412,"2,8553",9,32,1024,1,0,1,0
1413,"2,8328",5,35,1225,0,0,1,0
1414,"2,8108",5,40,1600,0,0,1,0
1415,"3,1162",10,46,2116,1,0,1,0
1416,"2,8359",9,33,1089,0,0,1,0
1417,"3,2426",12,22,484,0,0,1,0
1418,"4,4478",10,37,1369,1,0,1,0
1419,"2,7744",12,39,1521,1,0,1,0
1420,"2,8860",10,32,1024,0,0,1,0
1421,"3,0933",9,31,961,0,0,1,0
1422,"3,0652",5,42,1764,1,0,1,0
1423,"2,8645",10,38,1444,1,0,1,0
1424,"3,1238",10,28,784,1,0,1,0
1425,"2,8457",16,28,784,1,0,1,0
1426,"3,2875",12,35,1225,1,0,1,0
1427,"3,1284",10,30,900,1,0,1,1
1428,"3,1284",10,33,1089,0,0,1,0
1429,"3,0994",10,35,1225,0,0,1,0
1430,"2,9912",5,35,1225,0,0,1,0
1431,"2,9659",16,27,729,0,0,1,1
1432,"2,9171",9,24,576,0,0,1,0
1433,"2,9171",10,25,625,1,0,1,1
1434,"2,8706",5,41,1681,0,0,1,0
1435,"2,8706",10,38,1444,1,0,1,0
1436,"2,8481",5,45,2025,1,0,0,0
1437,"2,8481",12,36,1296,1,0,1,0
1438,"2,7836",5,29,841,0,1,0,0
1439,"2,7836",5,33,1089,0,0,1,0
1440,"2,7836",5,23,529,1,1,0,0
1441,"2,6294",10,31,961,1,1,0,0
1442,"2,6294",9,58,3364,1,0,1,0
1443,"2,3781",10,36,1296,1,0,1,0
1444,"2,8490",5,44,1936,1,0,1,0
1445,"2,9972",12,30,900,1,0,1,0
1446,"2,9749",5,45,2025,0,0,1,0
1447,"2,9758",12,30,900,0,0,1,0
1448,"2,9779",16,38,1444,1,0,1,0
1449,"3,1434",9,45,2025,0,0,1,0
1450,"3,0863",5,33,1089,0,0,1,0
1451,"3,0062",5,38,1444,1,0,1,1
1452,"2,9321",5,29,841,0,0,1,0
1453,"2,9321",16,33,1089,1,0,1,0
1454,"2,8856",5,41,1681,0,0,1,0
1455,"2,6444",5,53,2809,0,0,1,0
1456,"2,6444",5,58,3364,0,0,1,0
1457,"2,2390",5,38,1444,1,0,1,0
1458,"3,1464",5,30,900,0,0,1,0
1459,"3,5874",12,26,676,0,0,1,1
1460,"3,1524",10,32,1024,0,0,1,0
1461,"3,1556",5,40,1600,0,0,1,0
1462,"3,4657",10,27,729,0,1,0,1
1463,"3,3524",10,30,900,0,0,1,1
1464,"3,1881",16,25,625,1,1,0,0
1465,"3,1011",10,21,441,1,1,0,1
1466,"3,0210",5,42,1764,0,0,1,0
1467,"3,0210",12,42,1764,1,0,1,0
1468,"3,0210",10,26,676,0,0,1,0
1469,"3,0210",10,30,900,1,1,0,0
1470,"3,0210",10,30,900,1,0,1,0
1471,"3,0210",5,43,1849,0,0,1,0
1472,"2,9957",5,44,1936,0,0,1,0
1473,"2,9957",5,41,1681,0,0,1,0
1474,"2,9004",10,35,1225,1,0,1,0
1475,"2,9004",5,32,1024,0,0,1,0
1476,"2,9004",12,24,576,0,1,0,0
1477,"2,8779",12,36,1296,0,0,1,0
1478,"2,8134",16,30,900,1,1,0,0
1479,"2,8134",16,36,1296,1,0,1,1
1480,"2,6956",5,45,2025,0,0,1,0
1481,"2,6956",5,40,1600,0,0,1,0
1482,"2,6593",12,40,1600,1,0,1,0
1483,"2,6593",5,35,1225,0,0,1,0
1484,"2,3152",9,21,441,0,0,1,0
1485,"2,8797",12,40,1600,0,0,1,0
1486,"3,1322",10,31,961,1,0,1,1
1487,"3,0039",12,29,841,0,0,1,0
1488,"2,8257",12,26,676,1,0,1,0
1489,"2,8257",12,26,676,1,0,1,0
1490,"3,1157",5,24,576,1,0,1,0
1491,"3,0356",12,40,1600,0,0,1,0
1492,"2,9150",5,28,784,0,0,1,0
1493,"2,9150",5,29,841,0,0,1,0
1494,"2,9150",5,30,900,1,0,1,0
1495,"2,8925",10,35,1225,1,0,1,0
1496,"2,8937",5,22,484,0,0,1,0
1497,"3,1757",16,32,1024,0,0,1,0
1498,"3,1470",10,26,676,0,0,1,0
1499,"3,0414",12,27,729,0,0,1,0
1500,"2,8781",9,34,1156,0,0,1,0
1501,"3,1844",10,28,784,0,1,0,0
1502,"2,9265",9,38,1444,0,0,1,0
1503,"3,7179",16,30,900,0,0,1,0
1504,"3,3463",12,44,1936,0,0,1,0
1505,"3,3463",16,30,900,1,1,0,0
1506,"3,2479",10,25,625,0,0,1,0
1507,"3,2479",10,35,1225,1,0,1,1
1508,"3,2171",10,30,900,1,0,1,1
1509,"3,1872",12,23,529,0,1,0,1
1510,"3,1872",10,30,900,0,0,1,0
1511,"3,1872",10,36,1296,0,0,1,0
1512,"3,1872",16,35,1225,1,0,1,1
1513,"3,1583",10,20,400,0,1,0,1
1514,"3,1583",10,35,1225,0,0,1,1
1515,"3,1583",9,47,2209,0,0,1,0
1516,"3,1301",12,35,1225,0,0,1,0
1517,"3,1301",9,40,1600,1,0,1,0
1518,"3,1301",10,32,1024,1,1,0,1
1519,"3,1301",10,38,1444,1,0,1,0
1520,"3,1301",16,26,676,0,0,1,0
1521,"3,1301",10,26,676,0,0,1,1
1522,"3,1301",5,40,1600,0,0,1,0
1523,"3,0500",5,32,1024,0,0,1,0
1524,"3,0500",5,45,2025,0,0,1,0
1525,"3,0500",5,43,1849,1,0,1,0
1526,"3,0500",10,30,900,0,0,1,1
1527,"3,0500",12,34,1156,0,0,1,0
1528,"3,0500",12,35,1225,0,0,1,1
1529,"3,0500",16,26,676,0,1,0,0
1530,"3,0500",12,28,784,0,0,1,1
1531,"3,0500",10,22,484,0,0,1,0
1532,"3,0500",16,30,900,1,0,1,0
1533,"3,0247",5,26,676,1,1,0,0
1534,"3,0247",5,47,2209,1,0,1,0
1535,"3,0247",16,32,1024,0,1,0,0
1536,"3,0247",10,35,1225,0,0,1,0
1537,"3,0247",10,36,1296,1,0,1,0
1538,"3,0247",10,30,900,0,0,1,0
1539,"3,0247",5,36,1296,0,0,1,0
1540,"3,0247",5,35,1225,0,0,1,0
1541,"3,0000",9,48,2304,1,0,1,0
1542,"2,9759",12,36,1296,0,0,1,0
1543,"2,9759",5,29,841,0,0,1,0
1544,"2,9759",5,36,1296,1,0,1,1
1545,"2,9759",12,35,1225,0,0,1,0
1546,"2,9759",5,38,1444,0,0,1,0
1547,"2,9294",5,46,2116,0,0,1,0
1548,"2,9294",5,50,2500,0,0,0,0
1549,"2,9294",16,33,1089,1,0,1,0
1550,"2,9294",12,30,900,0,0,1,0
1551,"2,9294",5,40,1600,0,0,1,0
1552,"2,9294",5,41,1681,0,0,1,0
1553,"2,9294",12,20,400,0,1,0,0
1554,"2,9294",9,27,729,1,1,0,0
1555,"2,9294",10,40,1600,1,0,1,0
1556,"2,9294",12,35,1225,1,0,1,0
1557,"2,9294",10,25,625,0,0,1,0
1558,"2,9294",10,26,676,1,0,1,1
1559,"2,9294",12,25,625,1,0,1,0
1560,"2,9294",9,30,900,0,0,1,0
1561,"2,9294",10,30,900,0,1,0,0
1562,"2,9294",9,25,625,0,0,1,0
1563,"2,9069",16,32,1024,0,0,1,0
1564,"2,9069",10,35,1225,0,0,1,0
1565,"2,9069",16,40,1600,0,0,1,0
1566,"2,9069",5,35,1225,0,0,1,0
1567,"2,9069",9,60,3600,1,0,1,0
1568,"2,8850",10,25,625,1,0,1,0
1569,"2,8850",5,55,3025,0,0,1,0
1570,"2,8850",5,42,1764,0,0,1,0
1571,"2,8850",5,43,1849,0,0,1,0
1572,"2,8850",5,29,841,0,0,1,0
1573,"2,8850",16,23,529,0,0,1,0
1574,"2,8850",5,35,1225,1,0,1,0
1575,"2,8850",5,35,1225,0,0,1,0
1576,"2,8424",10,22,484,1,0,1,0
1577,"2,8424",12,22,484,1,0,1,0
1578,"2,8424",12,22,484,1,1,0,0
1579,"2,8424",10,35,1225,0,0,1,0
1580,"2,8424",12,46,2116,1,0,1,0
1581,"2,8424",5,38,1444,0,0,1,0
1582,"2,8424",16,48,2304,1,0,1,1
1583,"2,8424",5,46,2116,0,0,1,0
1584,"2,8424",5,45,2025,0,0,1,0
1585,"2,8424",5,50,2500,1,0,1,0
1586,"2,8218",9,32,1024,0,0,1,0
1587,"2,7624",5,27,729,0,0,1,0
1588,"2,7433",12,32,1024,1,0,1,0
1589,"2,7433",5,30,900,0,0,1,0
1590,"2,7246",5,45,2025,0,0,1,0
1591,"2,7063",12,38,1444,1,0,1,0
1592,"2,6882",9,38,1444,0,0,1,0
1593,"2,6882",12,32,1024,0,0,1,0
1594,"2,6882",5,46,2116,1,0,0,1
1595,"2,6882",9,40,1600,1,0,1,0
1596,"2,6882",12,40,1600,0,0,1,0
1597,"2,6882",5,45,2025,0,0,1,0
1598,"2,6882",5,25,625,0,0,1,0
1599,"2,6882",9,45,2025,1,0,1,0
1600,"2,6193",5,25,625,0,1,0,0
1601,"2,5705",10,21,441,0,1,0,0
1602,"2,5547",10,28,784,0,0,1,0
1603,"2,4941",16,29,841,1,0,1,0
1604,"2,4651",5,50,2500,0,0,1,0
1605,"2,4651",5,50,2500,1,0,1,0
1606,"2,4651",5,24,576,0,0,1,0
1607,"2,4369",5,46,2116,1,1,0,0
1608,"2,7638",9,42,1764,1,0,1,0
1609,"2,9323",12,40,1600,1,0,1,0
1610,"2,5978",12,31,961,1,0,1,0
1611,"3,2014",12,32,1024,0,0,1,0
1612,"3,0389",10,28,784,1,0,1,0
1613,"3,0142",12,35,1225,0,0,1,0
1614,"2,9211",5,42,1764,0,0,1,0
1615,"2,8566",10,24,576,0,1,0,0
1616,"2,7768",5,42,1764,1,0,1,0
1617,"3,1752",10,19,361,0,1,0,1
1618,"2,9020",5,35,1225,0,0,1,0
1619,"3,2070",10,35,1225,0,1,0,1
1620,"2,9492",12,24,576,0,0,1,1
1621,"2,9076",5,38,1444,0,0,1,0
1622,"3,2126",10,35,1225,0,0,1,0
1623,"3,3406",5,39,1521,1,0,1,0
1624,"3,3406",12,28,784,1,1,0,1
1625,"3,2154",5,32,1024,0,0,1,0
1626,"3,2154",12,35,1225,1,0,1,0
1627,"3,2154",10,31,961,0,0,1,0
1628,"3,2154",16,28,784,0,0,1,0
1629,"3,2154",16,25,625,1,1,0,0
1630,"3,2154",16,25,625,0,0,1,0
1631,"3,2154",16,30,900,0,0,1,0
1632,"3,2154",5,58,3364,0,0,0,0
1633,"3,0782",5,30,900,0,0,1,0
1634,"3,0782",5,35,1225,0,0,1,0
1635,"3,0782",5,26,676,0,0,1,0
1636,"3,0782",5,34,1156,0,0,1,0
1637,"3,0782",5,49,2401,1,0,1,0
1638,"3,0782",5,42,1764,0,0,1,0
1639,"3,0782",5,55,3025,0,0,1,0
1640,"3,0782",5,32,1024,0,0,1,0
1641,"3,0782",16,36,1296,1,0,1,0
1642,"3,0282",16,27,729,0,0,1,0
1643,"3,0041",5,40,1600,1,0,1,0
1644,"3,0041",12,20,400,1,0,1,0
1645,"3,0041",5,56,3136,1,0,1,0
1646,"2,9576",10,24,576,1,0,1,0
1647,"2,9576",9,40,1600,1,0,1,0
1648,"2,9576",5,39,1521,0,0,1,0
1649,"2,9576",16,45,2025,0,0,1,0
1650,"2,9576",16,32,1024,0,0,1,0
1651,"2,9351",5,45,2025,0,0,1,0
1652,"2,9351",12,23,529,0,0,1,1
1653,"2,9351",10,32,1024,0,0,1,0
1654,"2,9351",16,28,784,0,0,1,0
1655,"2,9351",5,40,1600,1,0,1,0
1656,"2,9131",9,49,2401,1,0,1,0
1657,"2,9131",10,30,900,0,0,1,0
1658,"2,9131",12,28,784,1,0,1,0
1659,"2,8706",12,46,2116,0,0,1,0
1660,"2,8706",12,30,900,1,0,1,0
1661,"2,8706",5,37,1369,0,0,1,0
1662,"2,8706",5,40,1600,1,0,1,0
1663,"2,8706",5,39,1521,0,0,1,0
1664,"2,8297",12,35,1225,0,0,1,0
1665,"2,7164",5,41,1681,1,0,1,0
1666,"2,5829",12,50,2500,0,0,0,0
1667,"3,1892",12,52,2704,1,0,1,0
1668,"3,1972",16,32,1024,0,1,0,0
1669,"3,0639",5,41,1681,0,0,1,0
1670,"3,2292",10,25,625,1,1,0,0
1671,"3,1720",12,26,676,0,0,1,1
1672,"3,0179",5,29,841,0,0,1,0
1673,"2,9489",5,32,1024,0,0,1,0
1674,"2,8844",9,32,1024,0,0,1,0
1675,"2,9275",5,33,1089,0,0,1,0
1676,"2,7357",12,35,1225,0,0,1,0
1677,"3,1802",10,35,1225,0,0,1,0
1678,"3,5503",12,41,1681,1,0,1,0
1679,"3,4019",12,23,529,0,1,0,1
1680,"3,4019",10,34,1156,0,0,1,0
1681,"3,4019",16,28,784,0,0,1,0
1682,"3,3352",5,59,3481,1,0,0,0
1683,"3,2428",12,24,576,1,1,0,0
1684,"3,2428",16,32,1024,0,0,1,0
1685,"3,1056",5,54,2916,0,0,1,0
1686,"3,1056",12,22,484,0,1,0,0
1687,"3,1056",5,37,1369,1,0,1,1
1688,"3,0803",10,26,676,1,1,0,0
1689,"3,0803",5,45,2025,1,0,1,0
1690,"3,0803",16,29,841,1,0,1,1
1691,"3,0315",12,34,1156,1,0,1,0
1692,"2,9850",5,33,1089,1,0,1,0
1693,"2,9850",12,20,400,1,1,0,0
1694,"2,9850",10,28,784,1,1,0,0
1695,"2,9850",10,35,1225,0,0,1,1
1696,"2,9625",16,25,625,1,0,1,0
1697,"2,9625",16,31,961,0,0,1,0
1698,"2,9625",16,31,961,0,0,1,0
1699,"2,9405",5,60,3600,1,0,1,0
1700,"2,9405",9,30,900,0,0,1,0
1701,"2,9405",12,54,2916,1,0,1,0
1702,"2,9405",10,35,1225,1,0,1,0
1703,"2,8980",5,32,1024,0,0,1,0
1704,"2,8980",16,21,441,1,1,0,1
1705,"2,7438",12,34,1156,1,0,1,0
1706,"2,7438",5,53,2809,1,0,1,0
1707,"2,7438",12,37,1369,1,0,1,0
1708,"2,6748",10,23,529,0,1,0,1
1709,"2,5207",9,30,900,1,0,1,0
1710,"2,3871",12,45,2025,0,0,1,0
1711,"2,3384",16,35,1225,1,0,1,0
1712,"2,9034",5,42,1764,1,0,1,0
1713,"3,2206",12,35,1225,1,0,1,1
1714,"3,4450",10,22,484,1,0,1,1
1715,"2,7546",5,40,1600,0,0,1,0
1716,"3,1185",16,26,676,1,0,1,0
1717,"3,1185",16,30,900,0,0,1,0
1718,"3,2562",10,35,1225,0,0,1,0
1719,"3,1991",12,30,900,0,0,1,0
1720,"3,1190",12,34,1156,1,0,1,0
1721,"3,1190",12,30,900,0,0,1,0
1722,"2,9984",10,37,1369,1,0,1,0
1723,"2,9984",5,38,1444,1,0,1,0
1724,"2,9759",5,45,2025,0,0,1,0
1725,"2,9540",10,38,1444,0,0,1,0
1726,"2,9786",5,32,1024,1,0,1,0
1727,"3,2602",16,44,1936,0,0,1,0
1728,"3,1757",10,30,900,0,0,1,0
1729,"3,0024",10,28,784,1,0,1,0
1730,"3,2331",10,23,529,0,0,1,1
1731,"3,2642",12,50,2500,1,0,1,0
1732,"3,2642",16,30,900,1,1,0,1
1733,"3,0770",5,36,1296,0,0,1,0
1734,"3,0064",5,42,1764,0,0,1,0
1735,"3,2392",10,30,900,0,0,1,0
1736,"5,0041",12,25,625,1,1,0,0
1737,"3,6178",10,27,729,1,1,0,0
1738,"3,4285",10,24,576,0,1,0,0
1739,"3,3946",10,31,961,0,0,1,0
1740,"3,2695",16,40,1600,0,0,1,0
1741,"3,2695",10,20,400,0,1,0,0
1742,"3,2695",10,30,900,0,0,1,0
1743,"3,2695",10,42,1764,0,0,1,0
1744,"3,2695",12,38,1444,0,0,1,1
1745,"3,2405",10,30,900,0,0,1,1
1746,"3,2405",10,41,1681,1,0,1,0
1747,"3,1583",12,39,1521,1,0,1,0
1748,"3,1323",5,26,676,0,1,0,0
1749,"3,1323",16,40,1600,1,0,1,0
1750,"3,1323",12,30,900,1,0,1,1
1751,"3,1323",12,35,1225,0,0,1,1
1752,"3,1323",12,30,900,1,0,1,0
1753,"3,1323",16,40,1600,1,0,1,0
1754,"3,1323",5,47,2209,0,0,1,0
1755,"3,1070",16,26,676,0,0,1,1
1756,"3,0823",10,42,1764,1,0,1,0
1757,"3,0116",5,40,1600,0,0,1,0
1758,"3,0116",12,50,2500,0,0,0,0
1759,"3,0116",12,36,1296,1,0,1,1
1760,"3,0116",12,42,1764,1,0,1,0
1761,"3,0116",5,32,1024,1,0,1,0
1762,"3,0116",10,35,1225,0,0,1,0
1763,"3,0116",5,40,1600,0,0,1,0
1764,"3,0116",10,40,1600,0,0,1,1
1765,"3,0116",10,57,3249,0,0,1,0
1766,"3,0116",5,30,900,1,0,1,0
1767,"3,0116",5,38,1444,1,0,1,0
1768,"2,9892",5,50,2500,1,0,1,0
1769,"2,9892",5,33,1089,0,0,1,0
1770,"2,9892",5,54,2916,1,0,1,0
1771,"2,9672",5,50,2500,0,0,1,0
1772,"2,9672",12,28,784,0,0,1,0
1773,"2,9672",16,40,1600,0,0,1,0
1774,"2,9672",5,31,961,0,0,1,0
1775,"2,9457",9,31,961,1,0,1,0
1776,"2,9246",12,33,1089,0,1,0,0
1777,"2,9246",5,50,2500,1,0,1,0
1778,"2,9246",5,43,1849,1,0,1,0
1779,"2,9246",12,26,676,0,1,0,0
1780,"2,9246",10,36,1296,0,0,1,0
1781,"2,9246",16,35,1225,0,0,1,0
1782,"2,9246",5,45,2025,0,0,1,0
1783,"2,8255",12,33,1089,0,0,1,0
1784,"2,6850",5,39,1521,0,0,1,0
1785,"2,5473",12,28,784,0,1,0,0
1786,"2,5192",5,36,1296,0,0,1,0
1787,"2,4014",12,22,484,0,0,1,0
1788,"3,0608",12,33,1089,1,0,1,1
1789,"3,1362",16,30,900,1,0,1,0
1790,"3,2484",16,30,900,0,0,1,0
1791,"3,2510",10,34,1156,0,0,1,0
1792,"3,2510",16,29,841,1,0,1,0
1793,"3,1427",5,52,2704,1,0,1,0
1794,"2,9782",12,39,1521,1,0,1,0
1795,"2,9782",5,46,2116,1,0,1,0
1796,"3,0012",10,38,1444,0,0,1,0
1797,"3,9185",10,28,784,1,0,1,1
1798,"3,0953",10,35,1225,1,0,1,0
1799,"3,0247",10,35,1225,1,0,1,0
1800,"2,9803",5,38,1444,0,0,1,0
1801,"2,7836",5,25,625,0,0,1,0
1802,"3,6334",10,29,841,0,0,1,0
1803,"2,9829",5,42,1764,1,0,1,1
1804,"2,9403",5,38,1444,1,0,1,0
1805,"3,2293",10,28,784,0,0,1,0
1806,"2,9842",5,37,1369,0,0,1,0
1807,"2,7898",12,24,576,0,0,1,0
1808,"3,0312",10,32,1024,0,0,1,0
1809,"3,2613",12,30,900,1,0,1,1
1810,"3,0816",12,38,1444,1,0,1,0
1811,"3,4545",12,21,441,0,0,1,1
1812,"3,3561",12,38,1444,1,0,0,1
1813,"3,2955",10,26,676,1,0,1,0
1814,"3,2955",12,32,1024,0,0,1,1
1815,"3,2955",10,32,1024,0,1,0,0
1816,"3,2665",16,32,1024,1,0,1,1
1817,"3,2665",12,34,1156,1,0,1,0
1818,"3,1583",5,39,1521,0,0,1,0
1819,"3,1583",5,37,1369,0,0,1,0
1820,"3,1583",9,36,1296,0,0,1,0
1821,"3,1329",12,24,576,1,1,0,1
1822,"3,0841",5,60,3600,0,0,1,0
1823,"3,0606",5,26,676,0,1,0,0
1824,"3,0376",9,35,1225,0,0,1,0
1825,"2,9932",12,26,676,1,1,0,0
1826,"2,9506",12,48,2304,0,0,1,0
1827,"2,9506",5,44,1936,0,0,1,0
1828,"2,9506",5,52,2704,0,0,1,0
1829,"2,8706",5,35,1225,1,0,1,0
1830,"2,7965",12,25,625,0,0,1,0
1831,"2,7965",5,55,3025,0,0,1,0
1832,"2,5733",5,40,1600,0,0,1,0
1833,"2,4524",5,38,1444,1,0,1,0
1834,"3,1659",16,36,1296,1,0,1,0
1835,"3,1447",16,33,1089,0,0,1,0
1836,"2,7568",5,40,1600,0,0,1,0
1837,"3,1710",16,32,1024,1,0,1,0
1838,"3,2536",5,40,1600,1,0,1,0
1839,"3,1735",5,40,1600,0,0,1,0
1840,"3,0084",12,36,1296,0,0,1,0
1841,"2,9659",9,30,900,1,0,1,0
1842,"3,0097",10,26,676,1,1,0,0
1843,"3,1753",12,45,2025,0,0,1,0
1844,"3,0122",10,36,1296,1,0,1,0
1845,"3,3178",16,39,1521,1,0,1,0
1846,"3,0160",12,41,1681,1,0,1,1
1847,"3,0617",5,46,2116,1,0,1,0
1848,"3,5149",12,49,2401,1,0,1,0
1849,"3,4798",16,44,1936,0,0,1,1
1850,"3,4798",16,40,1600,0,0,1,0
1851,"3,4798",16,50,2500,1,0,1,0
1852,"3,4798",10,45,2025,1,0,1,0
1853,"3,3814",12,32,1024,0,0,1,0
1854,"3,3506",10,26,676,0,0,1,0
1855,"3,3506",10,30,900,0,0,1,1
1856,"3,3506",10,35,1225,1,0,1,1
1857,"3,3208",12,45,2025,1,1,0,0
1858,"3,3208",16,28,784,1,1,0,1
1859,"3,3208",16,32,1024,0,1,0,0
1860,"3,3208",12,39,1521,0,0,1,0
1861,"3,3208",10,25,625,1,0,1,1
1862,"3,3208",10,29,841,1,0,1,1
1863,"3,3208",10,45,2025,1,0,1,0
1864,"3,3208",16,28,784,0,0,1,1
1865,"3,3208",16,46,2116,0,0,1,0
1866,"3,3208",16,35,1225,0,0,1,0
1867,"3,3208",12,45,2025,1,0,1,0
1868,"3,2918",16,23,529,0,1,0,0
1869,"3,2918",16,29,841,1,0,1,0
1870,"3,2636",10,30,900,1,0,1,0
1871,"3,2636",16,33,1089,1,1,0,0
1872,"3,2636",10,47,2209,0,0,1,0
1873,"3,2636",12,40,1600,1,0,1,0
1874,"3,2636",5,59,3481,1,0,1,0
1875,"3,2362",10,40,1600,1,0,1,0
1876,"3,2095",12,45,2025,1,0,1,0
1877,"3,1836",12,45,2025,0,0,1,0
1878,"3,1836",5,36,1296,1,0,1,0
1879,"3,1836",16,26,676,1,0,1,0
1880,"3,1836",12,39,1521,0,0,1,0
1881,"3,1836",9,40,1600,1,0,1,0
1882,"3,1836",12,52,2704,1,0,1,0
1883,"3,1836",16,38,1444,1,0,1,0
1884,"3,1836",16,45,2025,1,0,1,1
1885,"3,1836",16,27,729,0,1,0,1
1886,"3,1836",12,36,1296,0,0,1,0
1887,"3,1836",16,37,1369,0,0,1,0
1888,"3,1836",9,35,1225,0,0,1,0
1889,"3,1836",12,24,576,1,1,0,1
1890,"3,1836",12,52,2704,1,0,1,1
1891,"3,1836",10,31,961,1,1,0,1
1892,"3,1836",16,34,1156,1,0,1,1
1893,"3,1836",12,29,841,1,0,1,1
1894,"3,1836",12,23,529,1,1,0,0
1895,"3,1836",5,45,2025,1,0,1,0
1896,"3,1836",5,29,841,1,0,1,0
1897,"3,1836",5,52,2704,1,0,1,0
1898,"3,1583",10,38,1444,1,0,1,0
1899,"3,1583",5,32,1024,0,0,1,0
1900,"3,1583",5,56,3136,0,0,1,0
1901,"3,1583",9,37,1369,1,0,1,0
1902,"3,1583",16,30,900,0,0,1,0
1903,"3,1583",10,28,784,0,0,1,1
1904,"3,1583",10,31,961,1,1,0,1
1905,"3,1583",10,40,1600,0,0,1,0
1906,"3,1583",16,32,1024,1,0,1,0
1907,"3,1583",10,40,1600,1,0,1,1
1908,"3,1583",16,55,3025,0,0,1,0
1909,"3,1336",12,40,1600,1,0,1,0
1910,"3,1336",16,29,841,1,1,0,0
1911,"3,1336",12,30,900,1,0,1,0
1912,"3,1336",16,35,1225,0,0,1,0
1913,"3,1095",10,32,1024,0,1,0,0
1914,"3,1095",9,50,2500,0,0,1,0
1915,"3,1095",10,40,1600,1,0,1,0
1916,"3,1095",10,38,1444,0,0,1,0
1917,"3,1095",10,32,1024,0,0,1,1
1918,"3,0629",5,53,2809,1,0,1,0
1919,"3,0629",12,45,2025,0,0,1,0
1920,"3,0629",12,52,2704,0,0,1,0
1921,"3,0629",5,28,784,0,0,1,0
1922,"3,0629",10,28,784,1,0,1,0
1923,"3,0629",12,40,1600,0,0,1,0
1924,"3,0629",12,35,1225,1,0,1,0
1925,"3,0629",12,46,2116,1,0,1,0
1926,"3,0629",10,36,1296,0,0,1,0
1927,"3,0629",16,22,484,0,1,0,0
1928,"3,0629",16,30,900,1,0,1,0
1929,"3,0629",16,35,1225,1,0,1,0
1930,"3,0629",5,41,1681,1,0,1,0
1931,"3,0629",12,20,400,1,1,0,0
1932,"3,0629",9,40,1600,1,0,1,0
1933,"3,0629",5,54,2916,0,0,1,0
1934,"3,0629",12,28,784,0,0,1,0
1935,"3,0629",16,35,1225,1,0,1,1
1936,"3,0629",9,48,2304,0,0,1,0
1937,"3,0629",12,28,784,1,0,1,0
1938,"3,0629",12,33,1089,1,0,1,1
1939,"3,0629",16,27,729,1,1,0,0
1940,"3,0629",9,35,1225,1,0,1,0
1941,"3,0629",10,35,1225,0,0,1,0
1942,"3,0629",16,37,1369,0,0,1,0
1943,"3,0629",5,55,3025,0,0,1,0
1944,"3,0629",5,29,841,0,0,1,0
1945,"3,0629",12,35,1225,0,0,1,0
1946,"3,0405",9,28,784,0,1,0,0
1947,"3,0405",12,31,961,1,0,1,0
1948,"3,0405",12,22,484,0,0,1,0
1949,"3,0405",12,38,1444,0,0,1,0
1950,"3,0405",12,45,2025,1,0,1,0
1951,"3,0405",5,58,3364,1,0,1,0
1952,"3,0405",5,59,3481,1,0,1,0
1953,"3,0185",5,58,3364,0,0,1,0
1954,"3,0185",16,30,900,1,0,1,1
1955,"3,0185",5,56,3136,1,0,1,1
1956,"3,0185",12,31,961,1,0,1,1
1957,"3,0185",16,28,784,0,0,1,0
1958,"3,0185",10,40,1600,1,0,1,0
1959,"3,0185",5,42,1764,0,0,1,0
1960,"2,9759",5,35,1225,0,0,1,0
1961,"2,9759",16,45,2025,1,0,1,0
1962,"2,9759",5,48,2304,0,0,1,0
1963,"2,9759",12,29,841,0,0,1,0
1964,"2,9759",12,45,2025,0,0,1,0
1965,"2,9759",9,35,1225,1,0,1,0
1966,"2,9759",12,32,1024,1,0,1,1
1967,"2,9759",12,35,1225,1,0,1,0
1968,"2,9759",12,32,1024,1,0,1,0
1969,"2,9759",5,45,2025,1,0,1,0
1970,"2,8959",12,39,1521,0,0,1,0
1971,"2,8581",10,23,529,1,1,0,0
1972,"2,8581",5,28,784,0,1,0,0
1973,"2,8218",5,42,1764,0,0,1,0
1974,"2,8218",5,23,529,0,1,0,0
1975,"2,8218",5,28,784,0,0,1,0
1976,"2,8218",5,48,2304,0,0,1,0
1977,"2,8218",9,28,784,1,1,0,0
1978,"2,8218",12,29,841,1,0,1,0
1979,"2,8218",10,42,1764,1,0,1,0
1980,"2,8218",16,30,900,1,0,1,0
1981,"2,8218",12,40,1600,0,0,1,0
1982,"2,8218",5,53,2809,1,0,1,0
1983,"2,8218",5,36,1296,0,0,1,0
1984,"2,7528",5,37,1369,0,0,1,0
1985,"2,7363",12,30,900,1,0,1,0
1986,"2,7040",5,51,2601,0,0,1,0
1987,"2,7040",16,46,2116,1,0,1,0
1988,"2,6727",5,30,900,0,0,1,0
1989,"2,6575",5,32,1024,0,0,1,0
1990,"2,6575",5,48,2304,1,0,1,0
1991,"2,5986",5,54,2916,0,0,1,0
1992,"2,5705",12,28,784,1,1,0,0
1993,"2,5164",5,35,1225,0,0,1,0
1994,"2,5164",10,22,484,1,1,0,0
1995,"2,4904",5,48,2304,0,0,1,0
1996,"3,1590",10,32,1024,0,0,1,0
1997,"3,1657",16,36,1296,0,0,1,0
1998,"3,3901",12,31,961,1,1,0,1
1999,"3,0062",16,30,900,0,0,1,0
2000,"2,8330",5,42,1764,0,0,1,0
2001,"3,6810",10,32,1024,1,0,1,0
2002,"3,0524",12,36,1296,0,0,1,0
2003,"3,0309",10,42,1764,1,0,1,0
2004,"3,0778",16,36,1296,0,0,1,0
2005,"2,8391",12,29,841,0,0,1,0
2006,"2,6172",5,27,729,0,0,1,0
2007,"2,9952",9,45,2025,0,0,1,0
2008,"3,0827",12,38,1444,0,0,1,0
2009,"3,1793",16,26,676,0,1,0,0
2010,"3,3165",12,38,1444,1,0,1,0
2011,"3,2883",12,30,900,1,0,1,0
2012,"3,2083",16,34,1156,1,0,1,0
2013,"3,2083",12,41,1681,0,0,1,0
2014,"3,2083",5,44,1936,0,0,1,0
2015,"3,0876",5,45,2025,0,0,1,0
2016,"3,0652",9,28,784,0,0,1,0
2017,"3,0652",10,25,625,1,1,0,0
2018,"3,0652",10,35,1225,0,0,1,0
2019,"3,0652",12,26,676,0,0,1,0
2020,"3,0652",12,39,1521,0,0,1,0
2021,"3,0432",12,46,2116,1,0,1,0
2022,"3,0006",12,24,576,1,1,0,0
2023,"3,0006",5,51,2601,1,0,1,0
2024,"3,0006",12,30,900,0,0,1,0
2025,"3,0006",16,35,1225,1,0,1,0
2026,"2,6233",16,25,625,1,1,0,0
2027,"2,4410",5,46,2116,1,0,1,0
2028,"3,0031",12,45,2025,1,0,1,0
2029,"3,0725",5,26,676,0,0,1,0
2030,"3,5541",16,29,841,0,0,1,0
2031,"2,8646",5,34,1156,0,0,1,0
2032,"3,3072",12,25,625,1,0,1,0
2033,"3,1070",10,35,1225,0,0,1,0
2034,"3,1105",12,24,576,0,1,0,0
2035,"3,0245",12,27,729,0,1,0,0
2036,"3,5637",10,39,1521,0,0,1,0
2037,"3,5286",12,39,1521,0,0,1,0
2038,"3,3696",16,30,900,1,1,0,1
2039,"3,3696",10,21,441,1,1,0,0
2040,"3,3696",10,27,729,0,0,1,1
2041,"3,3696",10,30,900,0,0,1,1
2042,"3,3696",10,35,1225,1,0,1,1
2043,"3,3696",16,25,625,1,0,1,0
2044,"3,3696",16,28,784,1,0,1,0
2045,"3,3696",16,36,1296,1,0,1,0
2046,"3,3406",12,35,1225,1,0,1,1
2047,"3,3406",16,30,900,0,0,1,0
2048,"3,3406",16,35,1225,1,0,1,1
2049,"3,3406",10,36,1296,1,0,1,1
2050,"3,3406",5,37,1369,0,0,1,0
2051,"3,3124",9,57,3249,1,0,1,0
2052,"3,3124",16,35,1225,1,0,1,0
2053,"3,3124",16,52,2704,1,0,1,0
2054,"3,2583",10,27,729,0,1,0,0
2055,"3,2324",5,39,1521,0,0,1,0
2056,"3,2324",9,45,2025,0,0,1,0
2057,"3,2324",16,28,784,1,1,0,0
2058,"3,2324",5,33,1089,0,0,1,0
2059,"3,2324",9,50,2500,1,0,1,0
2060,"3,2324",12,35,1225,0,0,1,1
2061,"3,2324",10,30,900,0,0,1,0
2062,"3,2324",10,38,1444,1,0,1,0
2063,"3,2324",16,28,784,0,0,1,0
2064,"3,2324",16,28,784,0,1,0,1
2065,"3,2324",12,30,900,1,0,1,0
2066,"3,2324",10,25,625,1,0,1,0
2067,"3,2324",10,33,1089,1,1,0,0
2068,"3,2324",10,47,2209,0,0,1,0
2069,"3,2070",10,35,1225,0,0,1,0
2070,"3,2070",16,32,1024,0,1,0,0
2071,"3,2070",10,42,1764,1,0,1,1
2072,"3,1583",5,30,900,0,0,1,0
2073,"3,1117",12,39,1521,0,0,1,0
2074,"3,1117",10,38,1444,1,0,1,0
2075,"3,1117",5,35,1225,0,0,1,0
2076,"3,1117",10,45,2025,1,0,1,0
2077,"3,1117",16,38,1444,0,0,1,0
2078,"3,1117",12,29,841,1,0,1,1
2079,"3,1117",10,25,625,1,0,1,0
2080,"3,1117",16,35,1225,0,0,1,0
2081,"3,1117",12,27,729,0,0,1,0
2082,"3,1117",10,28,784,1,1,0,0
2083,"3,0893",5,33,1089,0,0,1,0
2084,"3,0893",5,40,1600,1,0,1,0
2085,"3,0893",5,39,1521,0,0,1,0
2086,"3,0673",12,35,1225,1,0,1,0
2087,"3,0673",5,50,2500,0,0,1,0
2088,"3,0673",12,34,1156,0,0,1,0
2089,"3,0673",12,32,1024,1,0,1,1
2090,"3,0458",5,50,2500,1,0,1,0
2091,"3,0247",5,30,900,0,0,1,0
2092,"3,0247",9,38,1444,1,0,1,0
2093,"3,0247",10,32,1024,0,1,0,0
2094,"3,0247",12,38,1444,1,0,1,0
2095,"3,0247",5,38,1444,0,0,1,0
2096,"3,0247",5,50,2500,0,0,1,0
2097,"3,0247",5,32,1024,1,0,1,0
2098,"2,9447",12,30,900,0,0,1,0
2099,"2,9256",12,22,484,1,1,0,0
2100,"2,9256",12,46,2116,0,0,1,0
2101,"2,8706",10,42,1764,1,0,1,0
2102,"2,8706",9,42,1764,1,0,1,0
2103,"2,8706",10,30,900,0,0,1,0
2104,"2,8706",16,24,576,1,1,0,0
2105,"2,8706",12,37,1369,1,0,1,1
2106,"2,7688",12,29,841,0,1,0,0
2107,"2,6474",5,30,900,0,0,1,0
2108,"2,4892",5,30,900,0,0,1,0
2109,"3,3743",16,27,729,1,0,1,1
2110,"3,2383",12,38,1444,1,0,1,0
2111,"3,1407",12,36,1296,1,0,1,1
2112,"3,3477",16,37,1369,0,0,1,0
2113,"3,0744",16,32,1024,0,0,1,0
2114,"3,0744",12,45,2025,1,0,1,0
2115,"3,3489",12,39,1521,0,1,0,0
2116,"2,9346",16,37,1369,0,0,1,0
2117,"3,3524",16,27,729,0,0,1,0
2118,"3,2442",12,32,1024,1,0,1,0
2119,"3,2442",16,38,1444,1,0,1,0
2120,"3,2189",10,25,625,0,0,1,0
2121,"3,0366",10,50,2500,0,0,1,0
2122,"3,1247",12,38,1444,0,0,1,0
2123,"3,3548",10,40,1600,0,0,1,0
2124,"3,1724",12,35,1225,1,0,1,0
2125,"3,0815",12,44,1936,0,0,1,0
2126,"3,3606",10,48,2304,1,0,1,0
2127,"3,2282",5,50,2500,0,0,1,0
2128,"3,5522",16,29,841,1,0,1,0
2129,"3,4229",12,47,2209,1,0,1,0
2130,"3,3931",5,42,1764,1,0,1,0
2131,"3,3931",9,36,1296,0,0,1,0
2132,"3,3931",12,30,900,0,0,1,0
2133,"3,3931",12,39,1521,0,0,1,0
2134,"3,3931",10,23,529,1,1,0,0
2135,"3,2559",10,35,1225,1,0,1,1
2136,"3,2306",5,33,1089,0,0,1,0
2137,"3,2306",10,26,676,1,1,0,1
2138,"3,2306",10,30,900,0,0,1,0
2139,"3,2059",16,34,1156,0,0,1,0
2140,"3,1353",5,30,900,0,0,1,0
2141,"3,1353",16,33,1089,0,0,1,0
2142,"3,1128",9,27,729,1,0,1,0
2143,"3,1128",10,30,900,0,0,1,0
2144,"3,1128",10,43,1849,0,0,1,0
2145,"3,0908",5,35,1225,1,0,1,0
2146,"3,0908",10,26,676,0,0,1,0
2147,"3,0483",5,55,3025,0,0,1,0
2148,"3,0483",9,36,1296,0,0,1,0
2149,"3,0483",12,32,1024,1,0,1,0
2150,"3,0483",12,41,1681,1,0,1,0
2151,"2,8590",16,34,1156,0,0,1,0
2152,"2,7606",9,25,625,0,0,1,0
2153,"2,7451",5,40,1600,0,0,1,0
2154,"2,5887",5,45,2025,0,0,1,0
2155,"2,4886",16,43,1849,1,0,1,0
2156,"2,4886",9,30,900,0,0,1,0
2157,"2,3243",12,25,625,0,0,1,0
2158,"3,5545",5,29,841,0,0,1,0
2159,"3,3406",9,32,1024,1,0,1,0
2160,"3,2105",10,39,1521,1,0,1,0
2161,"3,1209",5,37,1369,0,0,1,0
2162,"3,1001",16,32,1024,1,0,1,0
2163,"3,3757",12,37,1369,0,0,1,0
2164,"3,2421",5,42,1764,0,0,1,0
2165,"3,4053",10,25,625,0,0,1,0
2166,"3,3498",16,42,1764,1,0,1,1
2167,"3,1278",5,33,1089,1,0,1,0
2168,"2,6864",16,20,400,0,0,1,0
2169,"3,1514",10,30,900,0,0,1,0
2170,"3,4097",5,35,1225,0,0,1,0
2171,"2,9112",12,34,1156,0,0,1,0
2172,"3,1301",10,33,1089,0,0,1,0
2173,"3,1301",10,34,1156,1,0,1,0
2174,"3,1081",5,37,1369,1,0,1,0
2175,"2,9114",9,45,2025,0,0,1,0
2176,"2,6612",5,55,3025,0,0,1,0
2177,"3,3839",16,28,784,0,0,1,0
2178,"3,1335",16,22,484,1,1,0,0
2179,"3,9980",10,38,1444,0,0,1,0
2180,"3,8979",12,39,1521,1,0,1,1
2181,"3,4459",16,40,1600,1,0,1,0
2182,"3,4161",12,24,576,1,1,0,1
2183,"3,4161",12,32,1024,0,0,1,0
2184,"3,4161",12,37,1369,0,0,1,0
2185,"3,4161",10,55,3025,1,0,1,0
2186,"3,4161",16,50,2500,0,0,1,0
2187,"3,3589",10,45,2025,1,0,1,0
2188,"3,3315",10,43,1849,0,0,1,0
2189,"3,2789",5,55,3025,0,0,1,0
2190,"3,2789",16,30,900,0,0,1,0
2191,"3,2536",10,27,729,0,0,1,0
2192,"3,1138",9,28,784,0,0,0,0
2193,"3,0712",12,45,2025,1,0,1,0
2194,"2,9912",5,28,784,0,0,1,0
2195,"2,9912",5,30,900,0,0,1,0
2196,"2,9171",9,38,1444,1,0,1,0
2197,"2,8481",12,36,1296,1,0,1,0
2198,"3,4781",10,40,1600,0,0,1,0
2199,"3,2581",16,35,1225,0,0,1,0
2200,"3,4265",12,40,1600,0,0,1,1
2201,"3,6215",12,33,1089,0,0,1,0
2202,"3,2902",12,38,1444,0,0,1,1
2203,"3,4018",16,31,961,1,0,1,0
2204,"3,4341",12,50,2500,1,0,1,0
2205,"3,2980",12,35,1225,1,0,1,0
2206,"2,6586",12,27,729,0,0,1,0
2207,"3,6327",16,30,900,1,0,1,0
2208,"3,6327",10,35,1225,0,0,1,0
2209,"3,6327",16,30,900,1,1,0,0
2210,"3,5976",10,30,900,1,0,1,0
2211,"3,5976",10,31,961,0,0,1,0
2212,"3,4684",16,33,1089,1,0,1,0
2213,"3,4386",10,32,1024,0,0,1,0
2214,"3,4386",12,43,1849,0,0,1,0
2215,"3,4386",9,54,2916,1,0,1,0
2216,"3,4386",16,26,676,1,1,0,1
2217,"3,4386",12,21,441,1,1,0,1
2218,"3,4386",12,43,1849,1,0,1,0
2219,"3,4386",12,47,2209,1,0,1,0
2220,"3,4386",12,55,3025,1,0,1,1
2221,"3,4386",10,26,676,1,0,1,1
2222,"3,4386",16,28,784,1,0,1,0
2223,"3,4386",16,32,1024,1,0,1,0
2224,"3,4386",16,48,2304,0,0,1,0
2225,"3,4386",16,37,1369,1,0,1,0
2226,"3,4096",12,51,2601,0,0,1,0
2227,"3,4096",16,38,1444,0,0,1,1
2228,"3,4096",12,35,1225,1,0,1,1
2229,"3,4096",12,50,2500,1,0,1,0
2230,"3,4096",16,24,576,1,1,0,1
2231,"3,3814",16,29,841,1,1,0,1
2232,"3,3814",16,31,961,1,0,1,0
2233,"3,3814",16,27,729,1,0,1,1
2234,"3,3814",12,45,2025,0,0,1,0
2235,"3,3014",10,33,1089,0,0,1,0
2236,"3,3014",10,35,1225,1,0,1,0
2237,"3,3014",10,40,1600,1,0,1,0
2238,"3,3014",5,55,3025,0,0,1,0
2239,"3,3014",5,36,1296,1,0,1,0
2240,"3,3014",12,28,784,0,0,1,1
2241,"3,3014",12,40,1600,0,0,1,0
2242,"3,3014",12,45,2025,0,0,1,0
2243,"3,3014",10,45,2025,1,0,1,0
2244,"3,3014",16,28,784,0,0,1,0
2245,"3,3014",12,29,841,0,0,1,1
2246,"3,2760",12,30,900,0,0,1,0
2247,"3,2760",12,36,1296,1,0,1,1
2248,"3,2760",16,35,1225,0,0,1,0
2249,"3,2760",12,42,1764,1,0,1,0
2250,"3,2760",10,36,1296,0,0,1,0
2251,"3,2272",16,28,784,0,0,1,0
2252,"3,1807",5,36,1296,1,0,1,0
2253,"3,1807",5,37,1369,0,0,1,0
2254,"3,1807",12,38,1444,0,0,1,0
2255,"3,1807",12,47,2209,1,0,1,0
2256,"3,1807",16,28,784,0,0,1,0
2257,"3,1807",10,25,625,0,1,0,0
2258,"3,1807",10,32,1024,0,0,1,0
2259,"3,1807",10,32,1024,0,0,1,0
2260,"3,1807",9,25,625,0,0,1,0
2261,"3,1807",9,30,900,0,0,1,0
2262,"3,1807",12,40,1600,0,0,1,0
2263,"3,1807",12,45,2025,0,0,1,0
2264,"3,1807",12,42,1764,1,0,1,0
2265,"3,1807",12,45,2025,1,0,1,0
2266,"3,1807",16,32,1024,1,0,1,0
2267,"3,1807",16,35,1225,0,0,1,0
2268,"3,1807",5,40,1600,0,0,1,0
2269,"3,1583",16,26,676,1,0,1,0
2270,"3,1583",10,38,1444,1,0,1,0
2271,"3,1583",12,27,729,1,1,0,0
2272,"3,1583",9,30,900,0,0,1,0
2273,"3,1583",10,40,1600,1,0,1,0
2274,"3,1583",12,32,1024,0,0,1,0
2275,"3,1583",10,37,1369,0,0,1,0
2276,"3,1583",10,20,400,1,1,0,0
2277,"3,1583",10,30,900,1,0,1,0
2278,"3,1583",10,46,2116,0,0,1,0
2279,"3,1583",5,16,256,0,1,0,0
2280,"3,1363",16,29,841,1,1,0,0
2281,"3,1363",12,30,900,0,0,1,0
2282,"3,1363",16,34,1156,1,0,1,0
2283,"3,1363",12,55,3025,1,0,1,0
2284,"3,1363",5,35,1225,1,0,1,0
2285,"3,1148",16,35,1225,0,0,1,0
2286,"3,0937",16,38,1444,1,0,1,0
2287,"3,0937",9,45,2025,0,0,1,0
2288,"3,0937",12,30,900,1,0,1,0
2289,"3,0937",12,32,1024,1,0,1,0
2290,"3,0937",10,26,676,0,1,0,0
2291,"3,0937",10,45,2025,1,0,1,0
2292,"3,0937",16,25,625,1,1,0,0
2293,"3,0937",9,48,2304,1,0,1,0
2294,"3,0937",10,35,1225,0,0,1,0
2295,"3,0937",16,58,3364,1,0,1,0
2296,"3,0937",16,35,1225,1,0,1,1
2297,"3,0937",12,30,900,0,0,1,0
2298,"3,0937",10,40,1600,0,0,1,0
2299,"3,0937",16,35,1225,1,1,0,0
2300,"3,0731",12,30,900,0,0,1,0
2301,"3,0137",16,42,1764,0,0,1,0
2302,"2,9396",9,26,676,0,0,1,0
2303,"2,9396",9,50,2500,1,0,1,0
2304,"2,9396",12,20,400,1,1,0,0
2305,"2,9396",10,30,900,1,1,0,0
2306,"2,9396",16,30,900,0,0,1,0
2307,"2,9396",16,35,1225,0,0,1,0
2308,"2,8706",12,23,529,1,0,1,0
2309,"2,8060",5,40,1600,0,0,1,0
2310,"2,7602",10,33,1089,1,0,1,0
2311,"2,7454",12,26,676,1,1,0,0
2312,"2,6882",12,45,2025,1,0,1,0
2313,"2,5341",5,45,2025,0,0,1,0
2314,"3,4406",12,41,1681,0,0,1,0
2315,"3,1852",12,38,1444,0,0,1,0
2316,"3,3635",10,45,2025,1,0,1,0
2317,"3,4206",16,32,1024,1,0,1,0
2318,"3,3924",16,36,1296,0,1,0,0
2319,"3,1918",5,52,2704,0,0,1,0
2320,"3,1693",16,37,1369,1,0,1,0
2321,"3,3146",16,53,2809,1,0,1,0
2322,"2,8193",5,33,1089,0,0,1,0
2323,"2,5714",16,40,1600,0,0,1,0
2324,"2,5473",12,42,1764,0,0,1,0
2325,"3,3968",16,35,1225,1,0,1,0
2326,"2,9561",5,28,784,0,0,1,0
2327,"3,1750",12,44,1936,0,0,1,0
2328,"3,4272",12,40,1600,1,0,1,1
2329,"3,3194",16,53,2809,0,0,1,0
2330,"3,3212",12,34,1156,0,0,1,0
2331,"5,1951",12,33,1089,0,0,1,0
2332,"3,4605",12,36,1296,1,0,1,0
2333,"3,4605",10,32,1024,1,0,1,0
2334,"3,3233",9,40,1600,1,0,1,0
2335,"3,3233",5,44,1936,0,0,1,0
2336,"3,3233",5,50,2500,1,0,1,0
2337,"3,3233",16,38,1444,1,0,1,0
2338,"3,3233",16,40,1600,0,0,1,0
2339,"3,3233",10,40,1600,1,0,1,0
2340,"3,2980",12,35,1225,1,0,1,0
2341,"3,2027",12,38,1444,1,0,1,0
2342,"3,2027",10,30,900,1,0,1,0
2343,"3,2027",5,35,1225,1,0,1,0
2344,"3,2027",12,37,1369,1,0,1,0
2345,"3,1802",16,39,1521,1,0,1,1
2346,"3,1583",16,28,784,0,0,1,0
2347,"3,1157",12,38,1444,0,0,1,0
2348,"3,0749",12,26,676,0,0,1,0
2349,"2,9979",12,35,1225,1,0,1,0
2350,"2,8598",5,45,2025,0,0,1,0
2351,"2,8280",5,35,1225,1,0,1,0
2352,"2,7384",5,40,1600,0,0,1,0
2353,"2,7102",9,29,841,0,0,1,0
2354,"3,4322",16,34,1156,0,0,1,0
2355,"3,4333",10,32,1024,0,0,1,0
2356,"3,4363",10,36,1296,1,0,1,1
2357,"3,2798",10,40,1600,1,0,1,0
2358,"3,1910",16,33,1089,1,0,1,0
2359,"2,9751",12,25,625,0,0,1,0
2360,"3,1966",9,33,1089,0,0,1,0
2361,"3,4488",12,39,1521,0,0,1,0
2362,"3,1787",10,20,400,1,1,0,0
2363,"3,4820",10,41,1681,0,0,1,0
2364,"3,4820",16,33,1089,1,0,1,0
2365,"3,3448",12,28,784,0,1,0,0
2366,"3,3448",16,37,1369,1,0,1,0
2367,"3,2707",9,29,841,1,0,1,0
2368,"3,2242",5,52,2704,1,0,1,0
2369,"3,2242",10,27,729,1,0,1,0
2370,"3,2242",10,39,1521,1,0,1,0
2371,"3,2017",5,34,1156,0,0,1,0
2372,"3,1372",10,35,1225,1,0,1,0
2373,"3,1372",5,30,900,1,0,1,0
2374,"3,0194",9,58,3364,0,0,1,0
2375,"2,9480",12,30,900,1,0,1,0
2376,"3,2970",5,44,1936,0,0,1,0
2377,"3,3221",10,28,784,1,0,1,0
2378,"3,2060",10,35,1225,1,0,1,0
2379,"3,4302",16,35,1225,1,0,1,0
2380,"3,4901",16,42,1764,0,0,1,0
2381,"3,4926",16,35,1225,1,0,1,0
2382,"3,2348",10,25,625,1,1,0,0
2383,"3,2348",12,35,1225,0,0,1,0
2384,"3,4947",10,45,2025,0,0,1,0
2385,"3,2369",5,46,2116,1,0,1,0
2386,"3,4956",10,38,1444,0,0,1,0
2387,"3,1541",16,40,1600,1,0,1,0
2388,"2,7218",12,27,729,0,0,1,0
2389,"3,6622",16,31,961,0,0,1,0
2390,"3,5031",10,33,1089,1,0,1,0
2391,"3,5031",16,32,1024,1,0,1,0
2392,"3,5031",16,23,529,1,0,1,1
2393,"3,5031",12,28,784,0,0,1,0
2394,"3,5031",10,32,1024,0,0,1,0
2395,"3,5031",10,50,2500,0,0,1,0
2396,"3,5031",16,28,784,1,1,0,0
2397,"3,5031",16,38,1444,0,0,1,0
2398,"3,4741",12,35,1225,1,0,1,0
2399,"3,4459",12,45,2025,1,0,0,0
2400,"3,4459",10,31,961,0,0,1,0
2401,"3,3659",10,26,676,1,1,0,0
2402,"3,3659",12,40,1600,1,0,1,0
2403,"3,3659",5,45,2025,0,0,1,0
2404,"3,3659",12,36,1296,0,0,1,0
2405,"3,3659",16,26,676,1,0,1,0
2406,"3,3406",12,41,1681,1,0,1,0
2407,"3,3159",12,40,1600,1,0,1,0
2408,"3,2453",5,38,1444,1,0,1,0
2409,"3,2453",12,22,484,0,1,0,0
2410,"3,2453",12,36,1296,0,0,1,0
2411,"3,2453",9,40,1600,1,0,1,0
2412,"3,2453",16,30,900,0,0,1,0
2413,"3,2453",16,35,1225,1,0,1,0
2414,"3,2453",9,39,1521,0,0,1,0
2415,"3,2453",10,30,900,1,0,1,0
2416,"3,2453",10,31,961,1,0,1,1
2417,"3,2453",16,28,784,1,1,0,1
2418,"3,2453",16,34,1156,1,0,1,1
2419,"3,2453",12,30,900,1,0,1,0
2420,"3,2453",12,35,1225,1,0,1,0
2421,"3,2008",10,52,2704,1,0,1,0
2422,"3,1583",5,50,2500,0,0,1,0
2423,"3,1583",9,30,900,1,0,1,0
2424,"3,1583",10,27,729,1,1,0,0
2425,"3,0782",12,40,1600,0,0,1,0
2426,"3,0592",10,33,1089,1,0,1,0
2427,"3,0041",5,40,1600,0,0,1,0
2428,"3,0041",5,24,576,1,0,1,0
2429,"3,0041",9,35,1225,0,0,1,0
2430,"2,8706",9,30,900,1,0,1,0
2431,"2,8398",5,35,1225,0,0,1,0
2432,"2,8398",12,45,2025,1,0,1,0
2433,"2,7810",5,30,900,0,0,1,0
2434,"2,7528",9,45,2025,1,0,1,0
2435,"2,6987",12,45,2025,0,0,1,0
2436,"3,4470",10,46,2116,0,0,1,0
2437,"3,2934",16,40,1600,0,0,1,0
2438,"3,0062",5,40,1600,0,0,1,0
2439,"3,4770",10,35,1225,1,0,1,0
2440,"3,3437",5,50,2500,0,0,1,0
2441,"3,3692",10,44,1936,1,0,1,0
2442,"3,4793",16,38,1444,0,0,1,0
2443,"3,5135",12,45,2025,1,0,1,1
2444,"3,5135",10,35,1225,1,0,1,1
2445,"3,3763",16,28,784,1,1,0,0
2446,"3,0886",10,40,1600,1,0,1,0
2447,"3,5155",16,33,1089,0,0,1,1
2448,"3,3293",16,33,1089,0,0,1,0
2449,"3,0196",5,26,676,0,0,1,0
2450,"3,0206",9,38,1444,0,0,1,0
2451,"3,0958",12,45,2025,0,0,1,0
2452,"3,5217",16,30,900,0,1,0,1
2453,"3,7166",10,42,1764,0,0,1,0
2454,"3,1370",5,37,1369,1,0,1,0
2455,"3,3865",10,22,484,1,1,0,1
2456,"3,3865",10,23,529,1,1,0,0
2457,"3,3865",16,25,625,0,0,1,0
2458,"3,3865",12,22,484,0,0,1,0
2459,"3,3865",12,50,2500,1,0,1,0
2460,"3,3612",16,37,1369,0,1,0,0
2461,"3,2659",16,24,576,0,1,0,0
2462,"3,2659",10,32,1024,1,0,1,0
2463,"3,2214",16,31,961,0,0,1,0
2464,"3,1789",5,55,3025,0,0,1,0
2465,"3,1789",9,40,1600,0,0,1,0
2466,"3,1789",5,45,2025,1,0,1,0
2467,"3,0611",16,39,1521,1,0,1,0
2468,"3,4716",16,40,1600,1,0,1,0
2469,"3,3679",16,36,1296,0,0,1,0
2470,"3,2509",5,38,1444,1,0,1,0
2471,"3,5049",12,35,1225,0,0,1,0
2472,"3,4767",12,36,1296,1,0,1,0
2473,"3,3967",16,25,625,1,1,0,0
2474,"3,1910",9,39,1521,0,0,1,0
2475,"3,3738",12,30,900,0,0,1,0
2476,"3,2576",10,30,900,0,0,1,0
2477,"2,7892",10,36,1296,1,0,1,0
2478,"3,7381",10,25,625,0,0,1,0
2479,"3,7030",16,36,1296,1,0,1,0
2480,"3,5738",16,40,1600,1,0,1,0
2481,"3,5439",16,38,1444,1,0,1,0
2482,"3,5439",16,45,2025,0,0,1,0
2483,"3,5439",16,42,1764,1,0,1,0
2484,"3,5439",9,45,2025,1,0,1,0
2485,"3,5439",12,60,3600,0,0,1,0
2486,"3,5439",10,30,900,1,0,1,0
2487,"3,5439",10,30,900,0,0,1,0
2488,"3,5439",10,32,1024,1,0,1,1
2489,"3,5439",10,45,2025,0,0,1,0
2490,"3,5439",10,46,2116,0,0,1,1
2491,"3,5439",10,50,2500,0,0,1,0
2492,"3,5439",16,33,1089,1,0,1,0
2493,"3,5439",16,38,1444,1,0,1,0
2494,"3,5439",10,35,1225,1,0,1,1
2495,"3,5149",5,21,441,0,1,0,0
2496,"3,5149",16,25,625,0,1,0,0
2497,"3,5149",16,45,2025,1,0,1,1
2498,"3,5149",16,25,625,1,0,1,1
2499,"3,5149",16,32,1024,0,0,1,1
2500,"3,5149",16,34,1156,0,0,1,0
2501,"3,4868",12,38,1444,0,0,1,1
2502,"3,4868",16,35,1225,1,0,1,0
2503,"3,4327",10,37,1369,1,0,1,0
2504,"3,4067",12,26,676,1,1,0,0
2505,"3,4067",16,35,1225,1,0,1,0
2506,"3,4067",16,32,1024,1,0,1,1
2507,"3,4067",12,32,1024,1,0,1,0
2508,"3,4067",12,41,1681,0,0,1,1
2509,"3,4067",12,45,2025,0,0,1,0
2510,"3,4067",10,32,1024,1,0,1,1
2511,"3,4067",10,35,1225,1,0,1,0
2512,"3,4067",16,30,900,1,0,1,0
2513,"3,4067",16,45,2025,1,0,1,0
2514,"3,3814",12,35,1225,1,0,1,0
2515,"3,3814",16,34,1156,0,0,1,0
2516,"3,3814",12,35,1225,0,0,1,0
2517,"3,3814",16,26,676,0,1,0,1
2518,"3,3814",16,36,1296,0,0,1,0
2519,"3,3814",16,45,2025,0,0,1,0
2520,"3,3567",10,38,1444,0,0,1,0
2521,"3,3567",16,27,729,0,0,1,0
2522,"3,3567",16,30,900,0,0,1,0
2523,"3,3326",10,30,900,1,0,1,0
2524,"3,3326",12,32,1024,1,0,1,0
2525,"3,3326",16,40,1600,0,0,1,0
2526,"3,3326",12,36,1296,1,0,1,0
2527,"3,3326",12,35,1225,1,0,1,1
2528,"3,3326",10,28,784,0,0,1,0
2529,"3,3326",16,41,1681,1,0,1,1
2530,"3,3326",16,40,1600,1,0,1,0
2531,"3,2861",10,33,1089,1,0,1,0
2532,"3,2861",16,26,676,1,1,0,0
2533,"3,2861",12,53,2809,1,0,1,0
2534,"3,2861",16,52,2704,1,0,1,0
2535,"3,2861",12,28,784,0,1,0,0
2536,"3,2861",12,40,1600,1,0,1,0
2537,"3,2861",10,57,3249,1,0,1,0
2538,"3,2861",16,37,1369,0,1,0,0
2539,"3,2861",16,32,1024,1,1,0,0
2540,"3,2861",12,30,900,1,0,1,1
2541,"3,2861",12,38,1444,1,0,1,1
2542,"3,2861",16,33,1089,1,0,1,0
2543,"3,2861",9,30,900,0,0,1,0
2544,"3,2861",9,48,2304,0,0,1,0
2545,"3,2861",12,45,2025,1,0,1,0
2546,"3,2861",10,26,676,0,0,1,0
2547,"3,2861",16,35,1225,1,0,1,0
2548,"3,2861",16,29,841,1,1,0,0
2549,"3,2861",12,31,961,1,0,1,0
2550,"3,2861",16,34,1156,1,0,1,0
2551,"3,2861",5,45,2025,1,0,1,0
2552,"3,2636",5,52,2704,1,0,1,0
2553,"3,2636",9,50,2500,0,0,1,0
2554,"3,2636",12,40,1600,0,0,1,0
2555,"3,2636",10,28,784,1,0,1,1
2556,"3,2636",5,60,3600,1,0,0,0
2557,"3,2416",12,39,1521,0,0,1,0
2558,"3,2416",16,40,1600,0,0,1,1
2559,"3,2416",10,27,729,1,0,1,1
2560,"3,2416",16,38,1444,0,0,0,0
2561,"3,2201",10,45,2025,1,0,1,0
2562,"3,1991",16,31,961,1,0,1,0
2563,"3,1991",12,36,1296,1,0,1,0
2564,"3,1991",9,42,1764,0,0,1,0
2565,"3,1991",12,35,1225,1,0,1,0
2566,"3,1991",12,22,484,1,0,1,0
2567,"3,1991",10,37,1369,1,0,1,0
2568,"3,1991",16,26,676,1,0,1,0
2569,"3,1991",12,53,2809,1,0,1,0
2570,"3,1000",12,40,1600,1,0,1,0
2571,"3,0813",10,28,784,0,0,1,0
2572,"3,0813",12,45,2025,1,0,1,0
2573,"3,0813",10,50,2500,0,0,1,0
2574,"3,0449",10,45,2025,0,0,1,0
2575,"3,0449",5,46,2116,0,0,1,0
2576,"3,0449",5,25,625,0,0,1,0
2577,"3,0449",5,40,1600,0,0,1,0
2578,"3,0449",12,33,1089,1,0,1,0
2579,"3,0449",16,32,1024,0,0,1,0
2580,"3,0449",9,37,1369,1,0,1,0
2581,"3,0098",12,55,3025,1,0,1,0
2582,"2,9927",16,42,1764,1,0,1,0
2583,"2,9759",10,32,1024,0,0,1,0
2584,"2,8508",10,30,900,0,0,1,0
2585,"2,8218",12,47,2209,1,0,1,0
2586,"2,8218",12,45,2025,1,0,1,0
2587,"2,6882",9,42,1764,1,0,1,0
2588,"3,5797",16,42,1764,0,0,1,0
2589,"3,3426",16,40,1600,1,0,1,0
2590,"3,5637",16,30,900,1,0,1,0
2591,"3,3765",10,34,1156,1,0,1,1
2592,"3,2614",10,38,1444,1,0,1,0
2593,"3,2189",9,36,1296,0,0,1,0
2594,"3,2189",10,42,1764,1,0,1,0
2595,"3,0647",12,35,1225,0,0,1,0
2596,"3,0682",12,40,1600,0,0,1,0
2597,"2,9843",16,40,1600,0,0,1,0
2598,"3,5400",16,31,961,1,0,1,0
2599,"3,6961",12,44,1936,0,0,1,1
2600,"3,4622",10,33,1089,1,0,1,0
2601,"3,0933",12,50,2500,0,0,1,0
2602,"3,2724",12,50,2500,0,0,1,0
2603,"2,8251",10,25,625,1,1,0,0
2604,"3,7773",16,38,1444,0,0,1,0
2605,"3,5831",12,36,1296,1,1,0,1
2606,"3,5541",12,38,1444,1,0,1,0
2607,"3,5260",10,42,1764,0,0,1,0
2608,"3,4459",12,29,841,0,0,1,0
2609,"3,4459",16,25,625,0,0,1,0
2610,"3,4459",16,45,2025,0,0,1,0
2611,"3,4206",12,50,2500,1,0,1,0
2612,"3,3483",5,45,2025,1,0,1,0
2613,"3,3253",12,35,1225,1,0,1,0
2614,"3,3253",16,35,1225,0,0,1,1
2615,"3,3253",10,31,961,1,0,1,0
2616,"3,3253",10,55,3025,0,0,1,0
2617,"3,2809",12,25,625,0,0,1,0
2618,"3,2809",5,40,1600,1,0,1,0
2619,"3,2809",10,52,2704,0,0,1,0
2620,"3,2593",16,32,1024,1,0,1,0
2621,"3,2383",12,40,1600,1,0,1,0
2622,"3,2383",12,22,484,1,0,1,0
2623,"3,2383",5,52,2704,0,0,1,0
2624,"3,0841",16,24,576,1,1,0,0
2625,"3,0152",12,37,1369,1,0,1,0
2626,"2,9198",16,33,1089,1,0,1,0
2627,"2,8610",5,48,2304,1,0,1,0
2628,"2,6825",16,40,1600,0,0,1,0
2629,"3,5946",12,33,1089,1,0,1,0
2630,"3,2498",16,35,1225,1,0,1,0
2631,"3,4910",12,22,484,0,1,0,0
2632,"3,4397",10,38,1444,0,0,1,1
2633,"3,3444",12,40,1600,1,0,1,0
2634,"3,3444",16,48,2304,1,0,1,1
2635,"3,4759",5,42,1764,0,0,1,0
2636,"3,2278",12,28,784,0,0,1,0
2637,"3,3346",5,37,1369,1,0,1,0
2638,"3,3593",12,26,676,1,0,1,0
2639,"3,6205",12,54,2916,0,0,1,0
2640,"3,6507",16,38,1444,0,0,1,0
2641,"3,6209",5,55,3025,0,0,1,0
2642,"3,6209",16,30,900,1,0,1,1
2643,"3,6209",12,47,2209,1,0,0,1
2644,"3,4584",12,40,1600,1,0,1,0
2645,"3,4096",10,50,2500,1,0,1,0
2646,"3,3630",12,39,1521,1,0,1,0
2647,"3,3406",16,42,1764,0,0,1,0
2648,"3,3406",5,39,1521,0,0,1,0
2649,"3,1219",5,40,1600,0,0,1,0
2650,"3,1219",12,39,1521,1,0,1,0
2651,"3,1219",12,25,625,0,0,1,0
2652,"3,0529",12,32,1024,0,0,1,0
2653,"3,3649",9,36,1296,1,0,1,0
2654,"3,5941",10,34,1156,1,0,1,0
2655,"3,5978",16,28,784,1,0,1,1
2656,"3,3723",9,34,1156,0,0,1,0
2657,"3,6338",10,34,1156,1,0,1,0
2658,"3,4712",10,56,3136,1,0,1,0
2659,"3,2926",9,50,2500,1,0,1,0
2660,"3,8334",10,27,729,0,0,1,0
2661,"3,7983",16,30,900,0,0,1,0
2662,"3,7983",16,40,1600,1,0,1,1
2663,"3,6392",10,60,3600,1,0,1,0
2664,"3,6392",16,32,1024,0,1,0,0
2665,"3,6392",16,48,2304,1,0,1,0
2666,"3,6102",12,40,1600,0,0,1,0
2667,"3,6102",16,32,1024,1,0,1,1
2668,"3,5821",16,42,1764,0,0,1,0
2669,"3,5280",12,32,1024,0,0,1,0
2670,"3,5280",9,54,2916,1,0,1,0
2671,"3,5020",10,41,1681,1,0,1,0
2672,"3,5020",12,44,1936,0,0,1,0
2673,"3,5020",10,45,2025,0,0,1,0
2674,"3,5020",16,26,676,1,0,1,0
2675,"3,5020",16,31,961,1,0,1,1
2676,"3,4520",16,25,625,0,0,1,0
2677,"3,3814",12,40,1600,0,0,1,0
2678,"3,3814",5,40,1600,1,0,1,0
2679,"3,3814",12,47,2209,0,0,1,0
2680,"3,3814",10,30,900,1,1,0,0
2681,"3,3814",5,50,2500,0,0,1,0
2682,"3,3814",10,45,2025,1,0,1,0
2683,"3,3814",10,48,2304,0,0,1,0
2684,"3,3814",16,29,841,1,0,1,1
2685,"3,3369",12,35,1225,1,0,1,0
2686,"3,2944",9,39,1521,1,0,1,0
2687,"3,2944",9,45,2025,0,0,1,0
2688,"3,2944",16,28,784,1,0,1,0
2689,"3,2944",12,36,1296,1,0,1,0
2690,"3,2944",12,53,2809,1,0,1,0
2691,"3,1402",16,46,2116,1,0,1,0
2692,"2,7348",12,38,1444,0,0,1,0
2693,"3,3680",16,36,1296,0,0,1,0
2694,"3,3034",12,50,2500,0,0,1,0
2695,"3,5655",10,45,2025,1,0,1,0
2696,"3,5161",10,36,1296,1,0,1,0
2697,"5,2377",16,54,2916,1,0,1,0
2698,"3,8514",12,45,2025,0,0,1,0
2699,"3,7179",16,39,1521,0,0,1,0
2700,"3,6572",12,36,1296,1,0,1,0
2701,"3,6572",10,35,1225,1,0,1,0
2702,"3,6572",10,37,1369,0,0,1,1
2703,"3,6572",16,50,2500,1,0,1,0
2704,"3,6572",9,45,2025,1,0,1,0
2705,"3,6283",16,35,1225,0,0,1,0
2706,"3,6001",10,52,2704,1,0,1,0
2707,"3,6001",16,30,900,1,0,1,0
2708,"3,5200",10,36,1296,1,0,1,0
2709,"3,3994",12,35,1225,1,0,1,0
2710,"3,3994",16,54,2916,0,0,1,0
2711,"3,3769",16,37,1369,1,0,1,1
2712,"3,3769",16,40,1600,1,0,1,0
2713,"3,3550",12,42,1764,0,0,1,0
2714,"3,3550",16,39,1521,0,0,1,0
2715,"3,3124",5,55,3025,0,0,1,0
2716,"3,1583",10,30,900,0,0,1,0
2717,"3,1583",5,36,1296,0,0,1,0
2718,"3,0405",12,42,1764,1,0,1,0
2719,"2,9351",9,25,625,0,0,1,0
2720,"2,8795",5,60,3600,0,0,1,0
2721,"3,4083",5,40,1600,1,0,1,0
2722,"3,5075",12,27,729,0,0,1,0
2723,"3,1034",16,46,2116,1,0,1,0
2724,"3,7048",16,30,900,0,0,1,0
2725,"3,6749",12,38,1444,1,0,1,0
2726,"3,6749",12,45,2025,0,0,1,0
2727,"3,6749",10,58,3364,0,0,1,0
2728,"3,6749",16,45,2025,0,0,1,0
2729,"3,6460",10,56,3136,0,0,1,0
2730,"3,6460",12,48,2304,0,0,1,0
2731,"3,6460",12,48,2304,0,0,1,0
2732,"3,5124",10,29,841,0,0,1,0
2733,"3,4171",16,48,2304,1,0,1,0
2734,"3,4171",10,53,2809,0,0,1,0
2735,"3,3727",16,38,1444,1,0,1,0
2736,"3,3301",16,45,2025,1,0,1,0
2737,"3,1869",9,43,1849,0,0,1,0
2738,"4,6537",16,25,625,1,0,1,0
2739,"3,6923",12,38,1444,1,0,1,0
2740,"3,6923",12,39,1521,0,0,1,0
2741,"3,6923",10,36,1296,1,0,1,0
2742,"3,6923",16,42,1764,0,0,1,0
2743,"3,6633",16,33,1089,1,1,0,0
2744,"3,6352",12,30,900,1,1,0,0
2745,"3,5551",16,22,484,1,1,0,0
2746,"3,5298",16,45,2025,0,0,1,0
2747,"3,5298",12,48,2304,1,0,1,0
2748,"3,5298",16,45,2025,1,0,1,0
2749,"3,4345",12,26,676,0,0,1,0
2750,"3,3685",5,43,1849,0,0,1,0
2751,"3,3475",12,32,1024,0,0,1,0
2752,"3,1933",10,35,1225,1,0,1,0
2753,"3,0598",5,40,1600,0,0,1,0
2754,"3,0290",9,28,784,0,0,1,0
2755,"2,9420",5,45,2025,0,0,1,0
2756,"2,9012",12,30,900,0,0,1,0
2757,"2,8909",12,32,1024,1,0,1,0
2758,"3,5341",16,30,900,1,0,1,0
2759,"3,4445",16,36,1296,0,0,1,0
2760,"3,4232",5,27,729,1,1,0,0
2761,"2,8291",16,32,1024,0,0,1,0
2762,"3,4639",12,40,1600,1,0,1,1
2763,"3,8853",16,40,1600,0,0,1,1
2764,"3,7561",16,29,841,1,1,0,0
2765,"3,7262",16,46,2116,1,0,1,1
2766,"3,7262",16,38,1444,1,0,1,0
2767,"3,7262",12,45,2025,1,0,1,0
2768,"3,7262",12,45,2025,1,0,1,1
2769,"3,7262",12,52,2704,1,0,1,0
2770,"3,7262",16,46,2116,0,0,1,0
2771,"3,7262",16,33,1089,1,1,0,1
2772,"3,7262",16,42,1764,1,0,1,1
2773,"3,6691",10,45,2025,1,0,1,0
2774,"3,6417",16,50,2500,1,0,1,0
2775,"3,5890",12,48,2304,1,0,1,0
2776,"3,5890",5,28,784,1,1,0,0
2777,"3,5890",10,33,1089,0,0,1,0
2778,"3,5890",10,36,1296,1,0,1,0
2779,"3,5890",16,31,961,0,1,0,0
2780,"3,5890",16,41,1681,1,0,1,0
2781,"3,5890",10,55,3025,1,0,0,0
2782,"3,5890",16,45,2025,0,0,1,0
2783,"3,5637",12,50,2500,0,0,1,0
2784,"3,5637",9,54,2916,1,0,1,0
2785,"3,5637",10,40,1600,0,0,1,1
2786,"3,5637",16,48,2304,0,0,1,0
2787,"3,5390",16,35,1225,1,0,1,0
2788,"3,5390",10,48,2304,0,0,1,0
2789,"3,5149",16,34,1156,1,0,1,0
2790,"3,5149",16,37,1369,1,0,1,0
2791,"3,4684",16,30,900,1,0,1,0
2792,"3,4684",16,40,1600,1,0,1,0
2793,"3,4684",9,43,1849,0,0,1,0
2794,"3,4684",10,28,784,1,1,0,0
2795,"3,4684",16,45,2025,1,0,1,0
2796,"3,4684",16,50,2500,1,0,1,0
2797,"3,4684",16,35,1225,0,0,1,1
2798,"3,4684",12,38,1444,1,0,1,1
2799,"3,4684",10,35,1225,0,0,1,0
2800,"3,4684",16,40,1600,0,0,1,0
2801,"3,4684",16,38,1444,1,0,1,0
2802,"3,4684",12,45,2025,1,0,1,0
2803,"3,4459",16,40,1600,1,0,1,0
2804,"3,4459",10,35,1225,0,0,1,0
2805,"3,4459",12,30,900,0,0,1,0
2806,"3,4459",10,50,2500,0,0,1,0
2807,"3,4240",16,30,900,1,1,0,0
2808,"3,4240",12,35,1225,1,0,1,0
2809,"3,4240",12,50,2500,1,0,1,0
2810,"3,4240",10,48,2304,1,0,1,0
2811,"3,3814",12,25,625,0,0,1,0
2812,"3,3814",12,48,2304,1,0,1,0
2813,"3,3814",16,34,1156,1,0,1,0
2814,"3,3814",16,26,676,1,0,1,1
2815,"3,3814",12,48,2304,1,0,1,0
2816,"3,3814",16,25,625,1,0,1,1
2817,"3,3814",16,50,2500,1,0,1,0
2818,"3,3608",10,30,900,0,0,1,0
2819,"3,2823",5,44,1936,0,0,1,0
2820,"3,2823",16,48,2304,1,0,1,0
2821,"3,2272",12,42,1764,1,0,1,0
2822,"3,2272",10,55,3025,0,0,1,0
2823,"3,1417",10,35,1225,0,0,1,0
2824,"2,8218",10,30,900,1,0,1,0
2825,"3,2339",16,40,1600,1,1,0,1
2826,"3,7345",16,26,676,1,1,0,0
2827,"3,4542",16,38,1444,1,1,0,1
2828,"3,5802",16,55,3025,1,0,1,0
2829,"3,7144",10,32,1024,1,0,1,0
2830,"3,4882",10,40,1600,1,0,1,0
2831,"3,7590",16,38,1444,0,0,1,0
2832,"3,5965",16,42,1764,1,0,1,0
2833,"3,5012",16,50,2500,1,0,1,0
2834,"3,5012",16,30,900,1,0,1,0
2835,"3,4787",16,38,1444,1,0,1,0
2836,"3,4567",12,42,1764,1,0,1,0
2837,"3,2600",12,50,2500,0,0,1,0
2838,"3,7316",16,32,1024,0,0,1,0
2839,"3,6299",12,48,2304,0,0,1,0
2840,"3,6299",10,33,1089,0,0,1,0
2841,"3,2701",12,46,2116,0,0,1,0
2842,"3,7147",9,36,1296,1,0,1,0
2843,"3,2729",16,20,400,1,1,0,0
2844,"3,5148",10,35,1225,1,0,1,0
2845,"3,7750",16,40,1600,1,0,1,0
2846,"3,7750",16,34,1156,0,0,1,0
2847,"3,6378",16,36,1296,0,0,1,0
2848,"3,5172",12,53,2809,1,0,1,0
2849,"3,3501",5,54,2916,0,0,0,0
2850,"3,8396",12,45,2025,1,0,1,0
2851,"3,6457",16,28,784,0,0,1,0
2852,"3,6489",10,42,1764,1,0,1,0
2853,"3,7908",10,55,3025,1,0,1,0
2854,"3,6536",5,36,1296,1,0,1,0
2855,"3,6536",10,48,2304,1,0,1,0
2856,"3,6036",5,48,2304,1,0,1,0
2857,"3,4459",10,32,1024,1,0,1,0
2858,"3,2918",16,25,625,1,1,0,1
2859,"3,2035",12,43,1849,1,0,1,0
2860,"4,3882",16,34,1156,1,0,1,0
2861,"3,8063",16,43,1849,0,0,1,0
2862,"3,8063",16,45,2025,0,0,1,0
2863,"3,8063",16,27,729,1,0,1,1
2864,"3,8063",16,37,1369,0,0,1,0
2865,"3,8063",10,35,1225,1,0,1,0
2866,"3,7491",16,37,1369,1,0,1,0
2867,"3,7491",16,25,625,1,1,0,1
2868,"3,6691",16,35,1225,1,0,1,1
2869,"3,6691",10,33,1089,0,0,1,0
2870,"3,6691",12,57,3249,0,0,1,0
2871,"3,6691",16,37,1369,0,0,1,0
2872,"3,6691",10,43,1849,1,0,1,0
2873,"3,5484",10,32,1024,1,0,1,0
2874,"3,5484",16,45,2025,1,0,1,0
2875,"3,5484",16,40,1600,1,0,1,0
2876,"3,5484",12,26,676,1,1,0,0
2877,"3,5260",10,58,3364,1,0,1,0
2878,"3,5040",12,42,1764,1,0,1,0
2879,"3,5040",16,36,1296,1,0,1,0
2880,"3,5040",10,32,1024,1,0,1,0
2881,"3,4614",9,45,2025,1,0,1,0
2882,"3,4614",10,48,2304,1,0,1,0
2883,"3,2722",10,22,484,1,1,0,0
2884,"3,0841",16,48,2304,1,0,1,0
2885,"3,6767",12,45,2025,0,0,1,1
2886,"3,8215",12,50,2500,0,0,1,1
2887,"3,5637",12,42,1764,0,0,1,0
2888,"3,5750",16,39,1521,1,0,1,1
2889,"3,8366",16,35,1225,0,0,1,0
2890,"3,8366",16,38,1444,1,0,1,0
2891,"3,6994",16,45,2025,1,0,1,0
2892,"3,5788",16,42,1764,1,0,1,0
2893,"3,8085",10,32,1024,1,0,1,0
2894,"3,8150",16,29,841,0,1,0,0
2895,"3,5862",5,50,2500,1,0,1,0
2896,"4,0456",16,32,1024,0,0,1,1
2897,"3,7942",16,30,900,1,0,1,0
2898,"3,7142",16,35,1225,0,0,1,0
2899,"3,5936",12,18,324,1,1,0,1
2900,"3,8543",16,44,1936,0,0,1,0
2901,"5,4464",16,47,2209,1,1,0,1
2902,"3,6082",12,35,1225,0,0,1,0
2903,"3,3319",16,45,2025,1,0,1,0
2904,"3,6137",16,47,2209,1,0,1,1
2905,"3,8768",16,35,1225,1,0,1,1
2906,"4,4623",16,41,1681,1,0,1,0
2907,"3,8804",12,55,3025,1,0,1,0
2908,"3,8804",16,30,900,0,0,1,1
2909,"3,8804",16,33,1089,1,0,1,1
2910,"3,8804",16,59,3481,1,0,1,0
2911,"3,8232",16,48,2304,1,0,1,1
2912,"3,8232",10,53,2809,0,0,1,0
2913,"3,7958",16,55,3025,1,0,1,0
2914,"3,7432",10,28,784,1,1,0,0
2915,"3,7432",10,41,1681,0,0,1,0
2916,"3,7179",12,55,3025,1,0,1,0
2917,"3,6932",16,38,1444,1,0,1,0
2918,"3,6691",16,35,1225,0,0,1,0
2919,"3,6226",16,35,1225,1,0,1,0
2920,"3,6226",12,30,900,0,0,1,0
2921,"3,6226",16,20,400,1,0,1,0
2922,"3,6226",10,29,841,1,0,1,0
2923,"3,6226",10,45,2025,0,0,0,0
2924,"3,6001",16,60,3600,1,0,1,0
2925,"3,5781",16,43,1849,1,0,1,0
2926,"3,5781",16,35,1225,1,0,1,0
2927,"3,5355",16,37,1369,1,0,1,0
2928,"3,5355",16,56,3136,1,0,1,0
2929,"3,4749",16,36,1296,1,0,0,1
2930,"3,4365",16,26,676,1,1,0,0
2931,"3,3814",16,41,1681,1,0,1,0
2932,"3,3463",16,24,576,1,0,1,0
2933,"4,0536",16,30,900,1,0,1,0
2934,"3,7321",10,45,2025,0,0,1,0
2935,"3,9384",16,58,3364,1,0,1,1
2936,"3,6201",16,34,1156,1,0,1,0
2937,"3,9015",16,44,1936,0,0,1,1
2938,"3,7469",16,37,1369,1,0,1,0
2939,"4,0950",16,55,3025,0,0,1,0
2940,"3,8247",16,38,1444,1,0,1,0
2941,"3,6337",16,38,1444,1,0,1,0
2942,"3,5911",12,33,1089,1,0,1,1
2943,"5,5298",16,56,3136,1,1,0,1
2944,"4,1084",16,45,2025,1,0,0,1
2945,"3,9494",16,45,2025,0,0,1,0
2946,"3,9494",16,48,2304,1,0,1,0
2947,"3,9494",10,47,2209,1,0,1,1
2948,"3,8122",12,46,2116,0,0,1,0
2949,"3,6915",16,48,2304,1,0,1,0
2950,"3,6915",16,45,2025,1,0,1,0
2951,"3,6915",16,48,2304,1,0,1,0
2952,"3,6915",16,56,3136,1,0,1,0
2953,"3,6691",16,28,784,1,1,0,1
2954,"3,9573",16,47,2209,1,0,1,0
2955,"3,2352",16,28,784,0,1,0,0
2956,"3,8254",16,35,1225,1,0,1,0
2957,"3,6603",16,37,1369,1,0,1,0
2958,"3,6603",16,33,1089,1,0,1,0
2959,"4,3162",10,43,1849,0,0,1,0
2960,"3,9886",16,30,900,1,0,1,0
2961,"3,9596",16,35,1225,1,0,1,1
2962,"4,0013",16,40,1600,1,0,1,0
2963,"3,7536",16,34,1156,1,0,1,0
2964,"3,9828",16,37,1369,1,0,1,0
2965,"4,0139",16,55,3025,1,0,1,0
2966,"3,9849",16,38,1444,1,0,1,0
2967,"3,9849",16,55,3025,1,0,1,1
2968,"3,9849",16,44,1936,0,0,1,1
2969,"3,7561",16,44,1936,0,0,1,0
2970,"3,7561",16,50,2500,0,0,1,0
2971,"3,7561",16,28,784,1,0,1,0
2972,"3,7561",16,40,1600,1,0,1,0
2973,"3,7561",16,34,1156,1,0,1,1
2974,"3,7561",16,50,2500,1,0,1,0
2975,"3,7561",16,40,1600,0,0,1,0
2976,"3,7561",16,42,1764,1,0,1,0
2977,"3,7561",16,45,2025,0,0,0,0
2978,"3,7336",16,32,1024,1,1,0,0
2979,"3,7116",16,45,2025,0,0,1,0
2980,"3,6691",16,45,2025,0,0,1,0
2981,"3,6691",16,30,900,1,0,1,0
2982,"3,5149",9,38,1444,1,0,1,0
2983,"3,5149",16,36,1296,1,0,1,0
2984,"3,4459",10,38,1444,1,0,1,0
2985,"3,8780",16,49,2401,1,0,1,1
2986,"4,0263",16,45,2025,0,0,1,0
2987,"3,7363",16,46,2116,1,0,1,0
2988,"3,6938",16,36,1296,1,0,1,0
2989,"4,0181",16,42,1764,0,0,1,0
2990,"4,0507",16,45,2025,1,0,1,1
2991,"3,7953",16,51,2601,1,0,1,0
2992,"3,7977",16,30,900,1,0,1,0
2993,"4,0926",16,58,3364,1,0,1,0
2994,"3,9255",16,43,1849,1,0,1,0
2995,"4,2336",16,47,2209,1,0,1,1
2996,"4,0174",16,55,3025,1,0,1,0
2997,"3,8214",16,32,1024,1,1,0,0
2998,"3,9237",16,40,1600,0,0,1,0
2999,"3,9318",16,34,1156,1,0,1,0
3000,"4,2914",16,49,2401,1,0,1,0
3001,"3,8916",16,44,1936,1,0,1,0
3002,"4,1047",16,38,1444,1,0,1,0
3003,"4,1047",16,38,1444,1,0,1,0
3004,"3,8310",12,59,3481,1,0,1,0
3005,"3,9833",10,38,1444,1,0,1,0
3006,"3,8627",16,42,1764,1,0,1,0
3007,"5,0190",16,33,1089,1,0,1,0
3008,"4,1317",16,36,1296,1,0,1,0
3009,"3,9692",16,36,1296,1,0,1,0
3010,"3,9204",16,28,784,1,0,1,0
3011,"3,8739",16,42,1764,0,0,1,0
3012,"3,8514",16,32,1024,1,0,1,0
3013,"3,8294",16,45,2025,1,0,1,0
3014,"3,7869",16,48,2304,1,0,1,1
3015,"3,4684",16,40,1600,1,0,1,0
3016,"4,1537",16,56,3136,0,0,1,0
3017,"4,3586",16,40,1600,1,0,1,0
3018,"3,9773",16,37,1369,1,0,1,0
3019,"5,7662",16,32,1024,1,0,1,0
3020,"4,0590",16,48,2304,1,0,1,0
3021,"4,0694",16,42,1764,1,0,1,0
3022,"4,4110",16,42,1764,1,0,1,1
3023,"4,2669",16,50,2500,1,1,0,1
3024,"4,2081",16,52,2704,1,0,1,0
3025,"4,2081",16,50,2500,1,0,1,0
3026,"4,1799",16,56,3136,1,0,1,1
3027,"4,0999",16,38,1444,1,0,1,0
3028,"4,0999",16,50,2500,1,0,1,0
3029,"4,0999",16,27,729,1,1,0,1
3030,"4,0745",16,31,961,1,0,1,0
3031,"3,9792",16,45,2025,0,0,1,0
3032,"3,9792",16,38,1444,1,0,1,0
3033,"3,9792",16,55,3025,0,0,0,0
3034,"3,9792",16,50,2500,1,0,1,0
3035,"3,9792",16,49,2401,1,0,1,0
3036,"3,9792",16,30,900,1,0,1,1
3037,"3,9792",16,36,1296,1,0,1,0
3038,"3,9568",16,35,1225,1,0,1,0
3039,"3,8922",16,45,2025,1,0,1,0
3040,"3,4868",16,22,484,1,1,0,1
3041,"4,8929",16,53,2809,1,0,0,1
3042,"4,2666",16,42,1764,1,0,1,1
3043,"5,6150",16,43,1849,0,0,1,0
3044,"4,3465",12,48,2304,1,0,1,0
3045,"4,2287",16,33,1089,1,0,1,0
3046,"3,7011",16,44,1936,0,0,1,0
3047,"4,0024",16,55,3025,1,0,1,0
3048,"4,3324",16,46,2116,1,0,1,0
3049,"4,1952",16,35,1225,1,0,1,0
3050,"4,1952",16,48,2304,1,0,1,0
3051,"4,0745",16,38,1444,1,0,1,1
3052,"4,0521",16,47,2209,1,0,1,0
3053,"4,0301",16,38,1444,1,0,1,0
3054,"3,9875",16,36,1296,1,0,1,0
3055,"3,9875",16,40,1600,0,0,1,0
3056,"3,7644",16,35,1225,1,0,1,0
3057,"4,2132",16,45,2025,1,0,1,1
3058,"3,9300",16,60,3600,1,0,1,0
3059,"4,1190",16,27,729,1,1,0,1
3060,"4,0577",16,55,3025,1,0,1,0
3061,"4,4800",16,50,2500,0,0,1,0
3062,"4,4800",16,40,1600,0,0,1,0
3063,"4,4492",16,42,1764,1,0,1,0
3064,"4,4194",16,55,3025,1,0,1,0
3065,"4,3904",16,50,2500,1,0,1,0
3066,"4,3622",16,46,2116,1,0,1,0
3067,"4,1616",16,42,1764,1,0,1,1
3068,"4,1616",16,55,3025,1,0,1,0
3069,"4,1171",16,35,1225,0,0,1,0
3070,"4,1171",16,40,1600,1,0,0,0
3071,"3,5149",16,35,1225,1,0,1,0
3072,"4,2905",16,35,1225,1,0,1,0
3073,"4,4441",16,44,1936,1,0,1,1
3074,"4,1862",16,52,2704,1,1,0,1
3075,"3,9451",16,51,2601,1,0,1,1
3076,"4,1799",16,35,1225,1,0,1,0
3077,"4,1364",16,43,1849,0,0,1,0
3078,"4,1154",16,47,2209,1,0,1,0
3079,"4,4682",16,52,2704,1,0,1,0
3080,"4,3310",16,40,1600,1,0,1,0
3081,"4,4268",16,40,1600,1,0,1,0
3082,"4,4886",16,45,2025,1,0,1,0
3083,"4,4627",16,38,1444,1,0,1,1
3084,"4,4704",16,42,1764,1,0,1,1
3085,"4,3622",16,43,1849,1,0,1,0
3086,"4,3369",16,40,1600,1,0,1,0
3087,"4,2416",16,40,1600,1,0,1,0
3088,"4,2191",16,41,1681,1,0,1,0
3089,"4,1546",16,45,2025,1,0,1,0
3090,"4,0368",16,45,2025,0,0,1,0
3091,"3,8827",16,35,1225,1,0,1,0
3092,"4,5372",16,33,1089,1,0,1,0
3093,"4,4000",16,58,3364,1,0,1,1
3094,"4,3746",16,40,1600,1,0,1,1
3095,"4,5735",16,47,2209,1,0,1,0
3096,"4,5445",16,58,3364,1,0,1,0
3097,"4,5445",16,50,2500,0,0,1,0
3098,"4,2287",16,46,2116,1,0,1,1
3099,"4,3105",16,45,2025,1,0,1,0
3100,"4,3577",16,55,3025,1,0,1,0
3101,"4,2707",16,45,2025,1,0,1,0
3102,"4,4800",16,59,3481,1,0,1,0
3103,"4,3847",16,40,1600,1,0,1,0
3104,"4,3847",16,50,2500,1,0,1,0
3105,"4,3847",16,44,1936,1,0,1,0
3106,"4,3402",16,45,2025,1,0,1,0
3107,"4,2977",16,36,1296,1,0,1,0
3108,"4,2977",16,30,900,1,1,0,0
3109,"4,1258",16,42,1764,1,0,1,0
3110,"4,5445",16,58,3364,1,0,1,0
3111,"4,3496",10,30,900,1,0,1,0
3112,"4,8661",16,50,2500,1,0,1,0
3113,"4,5699",16,48,2304,1,0,1,0
3114,"4,4492",16,58,3364,1,0,1,0
3115,"4,3622",16,42,1764,1,0,1,0
3116,"4,3622",16,59,3481,1,0,1,0
3117,"4,5900",16,44,1936,1,0,1,0
3118,"4,6305",16,32,1024,1,0,1,0
3119,"4,5099",16,55,3025,0,0,1,0
3120,"4,4874",16,40,1600,1,0,1,1
3121,"4,9839",16,43,1849,1,0,1,0
3122,"4,6876",16,47,2209,1,0,1,0
3123,"4,6876",16,47,2209,0,0,1,0
3124,"4,6876",16,51,2601,1,0,1,0
3125,"4,6876",16,51,2601,1,0,1,0
3126,"4,4800",16,52,2704,1,0,1,0
3127,"4,7164",16,40,1600,1,0,1,1
3128,"4,5986",16,45,2025,1,0,1,0
3129,"4,8322",16,52,2704,1,0,1,0
3130,"4,6135",16,47,2209,1,0,1,0
3131,"5,0255",10,23,529,1,1,0,0
3132,"4,6807",16,48,2304,1,0,1,0
3133,"4,4914",16,50,2500,1,0,1,0
3134,"4,9908",16,53,2809,1,0,1,0
3135,"5,2667",16,55,3025,1,0,1,0
3136,"5,1393",16,35,1225,1,0,1,0
3137,"5,1428",5,43,1849,0,0,1,0
3138,"5,4355",12,42,1764,1,0,1,0
3139,"5,6840",12,45,2025,0,0,1,0
3140,"5,7662",16,32,1024,1,0,1,0
3141,"0,6931",5,53,2809,1,0,1,1
3142,"1,1842",5,51,2601,0,1,0,0
3143,"1,6823",12,20,400,0,1,0,1
3144,"2,1286",5,15,225,0,1,0,0
3145,"2,2673",5,20,400,1,0,1,0
3146,"1,9796",5,26,676,1,0,1,1
3147,"2,4651",9,18,324,1,1,0,0
3148,"2,0233",12,40,1600,0,0,1,0
3149,"2,6276",16,24,576,0,1,0,0
3150,"2,2828",5,42,1764,0,0,1,0
3151,"2,2828",9,22,484,1,1,0,0
3152,"2,2222",5,35,1225,1,0,1,0
3153,"2,3278",5,30,900,1,0,1,1
3154,"2,4426",5,25,625,1,0,1,0
3155,"2,0749",10,32,1024,0,0,1,0
3156,"2,4651",5,38,1444,1,0,1,1
3157,"2,4050",5,40,1600,1,0,1,0
3158,"2,7810",5,26,676,1,0,1,1
3159,"2,5503",5,41,1681,1,0,1,0
3160,"2,7055",5,30,900,1,0,1,0
3161,"2,7936",5,22,484,1,0,1,1
3162,"2,7936",5,25,625,1,0,1,0
3163,"2,6882",9,25,625,1,1,0,0
3164,"2,5059",5,40,1600,1,0,1,1
3165,"2,5059",5,38,1444,1,0,1,1
3166,"2,4853",5,32,1024,1,0,1,0
3167,"2,4259",5,55,3025,1,0,1,0
3168,"2,3881",5,36,1296,0,0,1,0
3169,"2,3881",5,35,1225,1,0,1,0
3170,"2,3518",5,39,1521,1,0,1,1
3171,"1,9463",9,42,1764,1,0,0,0
3172,"2,8610",5,21,441,1,0,1,1
3173,"2,6322",9,45,2025,1,0,0,0
3174,"2,5877",5,20,400,1,0,1,0
3175,"2,5829",12,27,729,1,0,1,0
3176,"2,4287",5,50,2500,1,0,1,0
3177,"2,6882",5,45,2025,1,0,1,0
3178,"2,9069",5,55,3025,1,0,1,0
3179,"2,7063",5,24,576,0,0,1,0
3180,"2,6618",9,52,2704,1,0,1,0
3181,"2,3796",5,28,784,1,1,0,0
3182,"2,7379",9,26,676,1,0,1,0
3183,"2,8120",5,30,900,1,0,1,0
3184,"2,7879",5,39,1521,1,0,1,0
3185,"2,7414",5,36,1296,1,0,1,0
3186,"3,2272",10,22,484,1,1,0,0
3187,"3,0331",12,46,2116,1,0,1,0
3188,"2,8959",5,45,2025,0,0,1,0
3189,"2,8218",5,40,1600,1,0,0,0
3190,"2,8218",5,41,1681,1,0,1,0
3191,"2,7753",5,57,3249,0,0,1,0
3192,"2,7753",5,42,1764,1,0,1,0
3193,"2,7753",12,35,1225,1,1,0,0
3194,"2,7753",5,15,225,1,1,0,0
3195,"2,7753",5,20,400,1,1,0,0
3196,"2,7753",5,40,1600,1,0,1,0
3197,"2,7753",5,38,1444,1,0,1,0
3198,"2,7753",12,22,484,1,0,1,0
3199,"2,7528",5,42,1764,0,0,1,0
3200,"2,7528",5,45,2025,1,0,0,1
3201,"2,7308",16,30,900,0,1,0,0
3202,"2,6882",12,26,676,1,0,1,0
3203,"2,6882",12,27,729,1,0,1,0
3204,"2,5341",9,22,484,1,0,1,0
3205,"2,5341",5,40,1600,1,0,1,0
3206,"2,4651",5,30,900,1,0,1,0
3207,"2,9447",16,30,900,1,0,1,0
3208,"3,0976",16,27,729,1,0,1,0
3209,"2,8863",5,36,1296,1,0,1,0
3210,"2,8398",12,26,676,1,1,0,0
3211,"2,8398",12,44,1936,0,0,1,0
3212,"2,7953",5,50,2500,0,0,1,0
3213,"2,7953",9,35,1225,1,0,1,0
3214,"2,7590",5,42,1764,1,0,0,1
3215,"2,9759",10,37,1369,1,0,1,0
3216,"2,9080",5,43,1849,1,0,1,1
3217,"2,8706",10,33,1089,1,0,1,0
3218,"2,8706",5,33,1089,1,0,1,0
3219,"2,7836",9,32,1024,1,1,0,0
3220,"3,1011",5,42,1764,1,0,1,0
3221,"2,9004",5,31,961,1,0,1,0
3222,"2,6710",5,47,2209,1,0,1,0
3223,"3,2479",16,35,1225,0,0,1,0
3224,"3,0000",16,24,576,1,1,0,1
3225,"2,9294",5,39,1521,0,0,1,0
3226,"2,9294",9,35,1225,1,0,1,0
3227,"2,8424",5,48,2304,1,0,1,0
3228,"2,8424",10,41,1681,1,0,1,0
3229,"2,8424",9,34,1156,1,0,1,0
3230,"2,8424",9,35,1225,1,1,0,0
3231,"2,6882",5,40,1600,1,0,1,0
3232,"2,4651",12,26,676,1,0,1,0
3233,"2,9576",12,30,900,1,0,1,0
3234,"2,9131",12,36,1296,1,0,1,0
3235,"2,6585",5,42,1764,1,0,1,0
3236,"3,0179",5,47,2209,1,0,1,0
3237,"2,9405",5,35,1225,0,0,1,0
3238,"2,5948",12,29,841,1,0,1,0
3239,"2,5948",5,25,625,1,0,1,0
3240,"2,9957",12,35,1225,0,0,1,0
3241,"2,7599",5,39,1521,1,0,1,0
3242,"2,9194",10,48,2304,1,1,0,0
3243,"3,0116",12,22,484,0,1,0,0
3244,"2,9777",5,56,3136,0,0,1,0
3245,"2,9777",9,56,3136,0,0,1,0
3246,"3,0953",16,32,1024,0,0,1,0
3247,"3,1583",9,30,900,1,0,1,0
3248,"2,7965",5,39,1521,1,0,1,0
3249,"3,3506",10,38,1444,1,0,1,1
3250,"3,1836",16,45,2025,1,0,1,0
3251,"3,0629",12,32,1024,1,0,1,0
3252,"3,0629",5,40,1600,1,0,1,0
3253,"3,0405",5,41,1681,1,0,1,0
3254,"2,9759",9,49,2401,1,0,1,1
3255,"2,9759",12,44,1936,1,0,1,0
3256,"2,9759",10,21,441,1,1,0,0
3257,"2,9759",5,25,625,1,0,1,0
3258,"2,8218",5,55,3025,1,0,1,0
3259,"3,0876",12,42,1764,1,1,0,0
3260,"3,3696",16,25,625,1,0,1,0
3261,"3,2324",5,35,1225,1,0,1,0
3262,"3,2070",5,52,2704,1,0,1,0
3263,"3,0893",5,45,2025,1,0,1,0
3264,"3,4537",10,35,1225,1,0,1,1
3265,"2,9305",5,39,1521,0,0,1,0
3266,"3,0966",9,39,1521,1,0,1,0
3267,"2,9912",9,52,2704,1,0,1,0
3268,"3,2760",5,50,2500,1,0,1,0
3269,"3,1807",5,40,1600,1,0,1,0
3270,"3,1807",5,45,2025,1,0,1,0
3271,"3,1583",5,57,3249,1,0,1,0
3272,"3,1918",12,49,2401,0,0,1,0
3273,"3,3233",12,40,1600,1,0,1,0
3274,"3,2027",10,33,1089,1,1,0,0
3275,"3,2242",12,20,400,1,1,0,0
3276,"3,2556",12,43,1849,1,0,1,0
3277,"3,3865",10,39,1521,1,0,1,0
3278,"3,2214",16,23,529,0,0,1,0
3279,"3,4327",12,48,2304,1,0,1,0
3280,"3,4067",12,53,2809,0,0,1,0
3281,"3,3814",10,47,2209,1,0,1,0
3282,"3,3326",9,43,1849,1,0,1,0
3283,"3,1991",16,31,961,1,1,0,0
3284,"3,5541",5,32,1024,0,0,1,0
3285,"3,3253",16,40,1600,1,0,1,0
3286,"3,3814",16,37,1369,1,0,1,0
3287,"3,5200",12,43,1849,1,0,1,0
3288,"3,3994",5,35,1225,0,0,1,0
3289,"3,5890",16,42,1764,1,0,1,0
3290,"3,4684",16,35,1225,1,0,1,0
3291,"3,4684",12,55,3025,1,0,1,0
3292,"3,4684",5,56,3136,1,0,1,0
3293,"3,4459",10,50,2500,1,0,1,0
3294,"3,6536",10,45,2025,1,0,1,0
3295,"3,6226",12,44,1936,1,0,1,0
3296,"3,5355",16,30,900,1,0,1,0
3297,"3,3814",10,47,2209,0,0,1,0
3298,"3,7248",16,51,2601,1,0,1,0
3299,"3,7714",10,32,1024,1,0,1,0
3300,"3,7714",12,45,2025,0,0,1,0
3301,"3,6915",12,34,1156,1,0,1,0
3302,"3,7561",10,44,1936,1,0,1,0
3303,"3,8739",16,53,2809,1,0,1,0
3304,"3,8409",10,45,2025,1,0,1,0
3305,"4,1616",16,48,2304,1,0,1,0
3306,"4,1391",16,40,1600,1,0,1,0
3307,"4,1546",16,38,1444,1,0,1,0
3308,"4,3746",16,45,2025,0,0,1,0
3309,"4,5699",16,44,1936,1,0,1,0
3310,"4,5341",16,36,1296,1,0,1,0
3311,"-0,9361",5,27,729,0,1,0,0
3312,"0,1625",5,14,196,1,1,0,0
3313,"-0,1376",9,21,441,0,1,0,0
3314,"0,0492",5,32,1024,1,0,1,0
3315,"0,3857",10,22,484,1,1,0,0
3316,"0,6733",9,36,1296,0,0,1,0
3317,"1,0788",16,25,625,1,0,1,0
3318,"0,8557",12,25,625,1,0,1,0
3319,"1,2330",5,16,256,1,1,0,0
3320,"1,0788",9,22,484,0,0,1,0
3321,"1,6666",12,20,400,1,1,0,0
3322,"2,0596",10,21,441,0,1,0,1
3323,"1,8773",5,20,400,0,1,0,0
3324,"1,5896",12,28,784,1,1,0,1
3325,"1,6666",5,24,576,0,0,1,0
3326,"2,1774",5,25,625,1,1,0,0
3327,"1,9543",5,20,400,0,0,1,0
3328,"1,9055",5,40,1600,1,0,0,1
3329,"1,8365",16,27,729,1,1,0,0
3330,"1,7720",5,17,289,1,1,0,0
3331,"1,6178",12,22,484,0,1,0,0
3332,"1,5488",9,49,2401,0,0,1,0
3333,"1,4843",5,25,625,0,0,1,0
3334,"1,3947",5,32,1024,0,0,1,0
3335,"1,6978",5,24,576,0,0,1,1
3336,"1,6289",5,20,400,1,1,0,0
3337,"1,4747",9,18,324,1,1,0,0
3338,"1,3165",9,16,256,0,1,0,0
3339,"2,0821",5,30,900,0,0,1,0
3340,"2,0596",10,28,784,1,0,1,0
3341,"2,0377",5,25,625,1,1,0,0
3342,"2,0377",9,26,676,1,0,1,0
3343,"2,0162",5,15,225,1,1,0,0
3344,"2,0162",5,50,2500,1,0,0,0
3345,"1,9951",12,22,484,0,1,0,0
3346,"1,9951",9,16,256,0,1,0,0
3347,"1,9951",5,21,441,1,1,0,1
3348,"1,9951",5,23,529,1,1,0,1
3349,"1,9951",5,22,484,0,0,1,0
3350,"1,9951",9,15,225,0,1,0,0
3351,"1,9951",12,22,484,1,1,0,0
3352,"1,9951",10,23,529,1,0,1,0
3353,"1,9151",5,19,361,0,1,0,0
3354,"1,8773",9,23,529,1,1,0,0
3355,"1,8773",5,45,2025,1,0,1,0
3356,"1,8773",5,18,324,1,1,0,0
3357,"1,8409",12,32,1024,0,0,1,0
3358,"1,7720",5,18,324,1,1,0,0
3359,"1,7720",9,17,289,1,1,0,0
3360,"1,6178",5,22,484,0,1,0,0
3361,"2,4045",12,28,784,1,0,1,0
3362,"2,0596",5,52,2704,1,0,1,0
3363,"2,0596",5,31,961,0,0,1,0
3364,"1,9235",5,17,289,1,1,0,0
3365,"2,2073",9,18,324,1,1,0,0
3366,"2,1203",5,18,324,0,1,0,0
3367,"1,7438",5,30,900,1,1,0,0
3368,"2,5829",5,17,289,0,1,0,0
3369,"2,5829",5,34,1156,0,0,1,0
3370,"2,3597",5,17,289,0,1,0,0
3371,"2,2644",12,21,441,1,1,0,0
3372,"2,1774",5,30,900,1,0,1,0
3373,"2,1774",16,30,900,1,1,0,0
3374,"2,1774",5,30,900,0,0,1,0
3375,"2,1774",5,30,900,0,0,1,0
3376,"2,1774",5,48,2304,1,0,1,1
3377,"2,1774",5,16,256,0,1,0,0
3378,"2,1774",5,29,841,1,0,1,0
3379,"2,1774",9,16,256,1,1,0,0
3380,"2,1774",9,18,324,1,1,0,0
3381,"2,1774",5,17,289,0,1,0,0
3382,"2,1774",5,53,2809,1,0,1,1
3383,"2,1774",9,22,484,0,1,0,0
3384,"2,1774",12,36,1296,0,0,1,0
3385,"2,1774",16,25,625,0,0,1,0
3386,"2,1774",9,18,324,1,1,0,0
3387,"2,1774",12,44,1936,0,0,1,0
3388,"2,1774",5,18,324,0,1,0,0
3389,"2,1774",12,22,484,0,0,1,0
3390,"2,0596",5,17,289,0,1,0,0
3391,"2,0596",5,50,2500,0,0,1,0
3392,"2,0233",5,16,256,0,1,0,0
3393,"2,0233",5,52,2704,1,0,0,1
3394,"2,0233",5,24,576,0,0,1,0
3395,"2,0233",9,22,484,0,1,0,0
3396,"1,9543",9,23,529,1,1,0,0
3397,"1,9543",9,16,256,1,1,0,0
3398,"1,8001",5,35,1225,0,0,1,0
3399,"1,7720",5,19,361,1,1,0,0
3400,"1,7720",5,38,1444,1,0,1,1
3401,"2,2182",5,19,361,0,1,0,0
3402,"2,4398",5,18,324,1,1,0,1
3403,"2,2575",9,17,289,0,1,0,0
3404,"3,3814",5,25,625,1,0,1,0
3405,"2,4651",5,22,484,1,1,0,0
3406,"2,4163",9,19,361,1,1,0,0
3407,"2,2828",10,23,529,1,1,0,0
3408,"2,2828",12,26,676,1,1,0,0
3409,"2,2828",12,59,3481,1,0,1,0
3410,"2,2828",5,21,441,0,0,1,0
3411,"2,2828",5,15,225,1,1,0,0
3412,"2,2828",5,14,196,0,1,0,0
3413,"2,2828",5,15,225,0,1,0,0
3414,"2,2828",5,18,324,0,1,0,0
3415,"2,2828",5,22,484,0,1,0,0
3416,"2,2828",5,24,576,1,1,0,0
3417,"2,2828",5,20,400,1,1,0,0
3418,"2,2828",12,18,324,1,1,0,0
3419,"2,2828",12,22,484,0,1,0,0
3420,"2,2828",12,22,484,0,1,0,0
3421,"2,2828",5,17,289,1,1,0,0
3422,"2,2828",5,18,324,1,1,0,0
3423,"2,2828",5,20,400,1,1,0,0
3424,"2,2828",5,40,1600,0,0,1,1
3425,"2,2828",9,40,1600,1,0,1,0
3426,"2,2828",5,23,529,1,1,0,0
3427,"2,2828",12,18,324,0,1,0,0
3428,"2,2828",12,20,400,0,0,1,0
3429,"2,2828",5,28,784,0,0,1,0
3430,"2,2828",5,40,1600,0,0,1,0
3431,"2,2828",12,22,484,0,0,1,0
3432,"2,2828",5,25,625,0,0,1,0
3433,"2,2828",5,50,2500,0,0,1,0
3434,"2,2828",12,27,729,1,1,0,0
3435,"2,2828",5,26,676,0,0,1,0
3436,"2,2828",9,29,841,1,1,0,0
3437,"2,2828",9,18,324,1,1,0,0
3438,"2,2828",5,25,625,0,0,1,0
3439,"2,2828",9,18,324,1,0,1,0
3440,"2,2828",10,25,625,1,1,0,0
3441,"2,2828",9,30,900,0,1,0,0
3442,"2,2828",5,42,1764,0,0,1,0
3443,"2,2828",9,24,576,1,0,1,0
3444,"2,2828",12,36,1296,0,0,1,0
3445,"2,2828",12,20,400,0,1,0,0
3446,"2,2828",5,18,324,0,1,0,0
3447,"2,2420",9,18,324,1,1,0,0
3448,"2,2027",5,50,2500,1,0,1,0
3449,"2,1837",5,35,1225,1,0,1,0
3450,"2,1650",5,18,324,1,1,0,1
3451,"2,1650",12,25,625,1,1,0,0
3452,"2,1286",5,55,3025,0,0,1,0
3453,"2,1286",5,32,1024,1,0,1,0
3454,"2,1286",5,50,2500,0,0,1,0
3455,"2,1286",12,38,1444,0,0,1,0
3456,"2,1286",10,20,400,0,1,0,0
3457,"2,1286",9,20,400,0,1,0,0
3458,"2,1286",9,22,484,0,1,0,0
3459,"2,1286",5,35,1225,0,0,1,0
3460,"2,0596",5,38,1444,1,0,1,0
3461,"2,0596",5,16,256,1,1,0,0
3462,"2,0596",5,17,289,1,1,0,0
3463,"2,0596",5,14,196,1,1,0,0
3464,"2,0596",5,45,2025,0,0,1,0
3465,"2,0108",9,24,576,0,0,1,0
3466,"1,9643",12,18,324,1,1,0,0
3467,"1,9055",5,26,676,1,0,1,0
3468,"1,9055",16,25,625,1,0,1,0
3469,"1,9055",5,26,676,0,0,1,0
3470,"1,8773",5,15,225,1,1,0,0
3471,"1,8773",5,27,729,1,1,0,0
3472,"2,3075",5,15,225,0,1,0,0
3473,"2,3075",5,19,361,0,1,0,0
3474,"1,7479",12,18,324,1,1,0,0
3475,"2,3220",5,27,729,0,0,1,0
3476,"2,3220",5,33,1089,0,0,1,0
3477,"2,3220",5,34,1156,1,0,1,0
3478,"2,3220",5,36,1296,0,0,1,0
3479,"2,4651",9,17,289,1,1,0,0
3480,"2,3741",5,23,529,1,1,0,0
3481,"2,3316",5,40,1600,0,0,1,0
3482,"2,3316",5,55,3025,0,0,1,0
3483,"2,3316",5,21,441,1,1,0,0
3484,"2,3316",5,21,441,1,1,0,0
3485,"2,3316",9,25,625,1,1,0,0
3486,"2,3551",12,21,441,1,1,0,0
3487,"3,0712",5,28,784,0,0,1,0
3488,"2,7836",9,16,256,0,1,0,0
3489,"2,6939",16,20,400,0,0,1,1
3490,"2,3781",12,23,529,0,1,0,0
3491,"2,3781",5,18,324,1,1,0,0
3492,"2,3781",5,21,441,0,1,0,0
3493,"2,3781",5,17,289,0,1,0,0
3494,"2,3781",5,19,361,0,1,0,0
3495,"2,3781",5,30,900,0,0,0,0
3496,"2,3781",5,39,1521,0,0,1,0
3497,"2,3781",5,18,324,0,1,0,0
3498,"2,3781",5,20,400,1,1,0,0
3499,"2,3781",9,18,324,0,1,0,0
3500,"2,3781",9,23,529,0,0,1,0
3501,"2,3781",12,22,484,0,0,1,0
3502,"2,3781",12,25,625,1,1,0,0
3503,"2,3781",12,20,400,1,1,0,0
3504,"2,3781",12,27,729,0,0,1,0
3505,"2,3781",5,25,625,1,1,0,0
3506,"2,3781",9,18,324,1,1,0,0
3507,"2,3781",12,28,784,0,0,1,0
3508,"2,3781",9,36,1296,0,0,1,0
3509,"2,2980",9,28,784,1,1,0,0
3510,"2,2603",10,20,400,1,1,0,0
3511,"2,2239",5,33,1089,1,0,1,0
3512,"2,1889",5,15,225,1,1,0,0
3513,"2,1549",5,38,1444,1,0,1,0
3514,"2,1549",10,25,625,1,0,1,0
3515,"2,1062",12,33,1089,1,0,1,0
3516,"1,9726",10,18,324,0,1,0,0
3517,"2,4006",12,35,1225,1,0,1,0
3518,"2,4006",5,16,256,1,1,0,0
3519,"2,4006",5,20,400,1,1,0,0
3520,"2,4006",5,26,676,1,1,0,0
3521,"2,4006",5,19,361,1,1,0,0
3522,"2,4006",5,22,484,1,1,0,0
3523,"2,4871",16,26,676,1,0,1,0
3524,"2,4225",5,40,1600,1,0,1,0
3525,"2,4225",12,25,625,0,1,0,0
3526,"2,4225",5,16,256,1,1,0,0
3527,"2,2684",9,19,361,0,1,0,0
3528,"2,0171",5,15,225,1,1,0,0
3529,"2,4355",5,20,400,1,1,0,0
3530,"2,4355",5,24,576,1,0,1,0
3531,"2,4372",12,50,2500,1,0,1,0
3532,"2,4372",12,52,2704,1,0,1,0
3533,"2,4372",12,45,2025,1,0,1,0
3534,"2,8495",5,26,676,1,0,1,0
3535,"2,6264",5,32,1024,1,0,1,0
3536,"2,4441",5,16,256,1,1,0,0
3537,"2,4441",5,18,324,1,1,0,0
3538,"2,4441",5,20,400,1,1,0,0
3539,"2,4441",5,21,441,1,1,0,0
3540,"2,4441",5,24,576,1,1,0,0
3541,"2,4441",5,28,784,1,1,0,0
3542,"2,6727",5,25,625,0,1,0,0
3543,"2,6474",5,53,2809,0,0,1,0
3544,"2,6474",5,38,1444,1,0,1,0
3545,"2,5986",12,23,529,1,1,0,0
3546,"2,5521",5,24,576,1,1,0,0
3547,"2,4651",10,18,324,1,1,0,0
3548,"2,4651",5,22,484,1,1,0,0
3549,"2,4651",9,29,841,1,0,1,0
3550,"2,4651",5,19,361,1,0,1,0
3551,"2,4651",5,30,900,1,0,1,0
3552,"2,4651",5,17,289,0,1,0,0
3553,"2,4651",12,20,400,0,1,0,0
3554,"2,4651",12,21,441,0,1,0,0
3555,"2,4651",5,32,1024,1,1,0,0
3556,"2,4651",5,36,1296,1,0,1,0
3557,"2,4651",5,16,256,1,1,0,0
3558,"2,4651",5,52,2704,1,0,1,0
3559,"2,4651",5,24,576,1,0,1,0
3560,"2,4651",5,35,1225,1,0,1,0
3561,"2,4651",5,38,1444,1,0,1,0
3562,"2,4651",12,19,361,0,1,0,0
3563,"2,4243",9,20,400,1,1,0,0
3564,"2,3851",5,36,1296,1,0,1,0
3565,"2,3110",5,25,625,1,0,1,0
3566,"2,3110",5,40,1600,0,0,1,0
3567,"2,3110",5,18,324,0,1,0,0
3568,"2,3110",5,20,400,0,1,0,0
3569,"2,2420",5,38,1444,1,0,1,0
3570,"2,0596",5,22,484,0,1,0,0
3571,"2,0596",5,20,400,0,1,0,0
3572,"2,0596",5,40,1600,1,0,1,0
3573,"2,4857",9,43,1849,1,0,1,0
3574,"2,4857",5,17,289,0,1,0,0
3575,"2,4857",5,24,576,0,1,0,0
3576,"2,4857",5,15,225,0,1,0,0
3577,"2,4971",9,38,1444,0,0,1,0
3578,"2,9759",9,29,841,0,1,0,0
3579,"2,9114",12,25,625,1,0,1,0
3580,"2,8508",5,49,2401,1,0,0,0
3581,"2,8218",16,21,441,1,1,0,0
3582,"2,6882",5,27,729,1,0,1,0
3583,"2,6882",5,39,1521,1,1,0,0
3584,"2,6395",12,20,400,1,1,0,0
3585,"2,5929",12,35,1225,1,0,1,0
3586,"2,5929",9,25,625,0,0,1,0
3587,"2,5705",5,26,676,1,0,1,0
3588,"2,5705",5,22,484,1,1,0,0
3589,"2,5705",5,28,784,0,0,1,0
3590,"2,5485",12,17,289,1,1,0,0
3591,"2,5485",5,21,441,0,1,0,0
3592,"2,5485",5,36,1296,0,0,1,0
3593,"2,5485",16,27,729,1,1,0,0
3594,"2,5270",9,19,361,1,1,0,0
3595,"2,5059",5,30,900,1,1,0,1
3596,"2,5059",12,20,400,1,1,0,0
3597,"2,5059",16,33,1089,1,0,1,0
3598,"2,5059",9,44,1936,0,0,1,0
3599,"2,5059",9,44,1936,1,0,1,0
3600,"2,5059",16,22,484,1,1,0,0
3601,"2,5059",5,17,289,0,1,0,0
3602,"2,5059",5,18,324,0,1,0,0
3603,"2,5059",5,42,1764,1,0,1,0
3604,"2,5059",9,32,1024,1,0,1,0
3605,"2,5059",9,40,1600,0,0,1,0
3606,"2,5059",12,20,400,1,1,0,0
3607,"2,5059",12,21,441,1,1,0,0
3608,"2,5059",12,22,484,1,1,0,0
3609,"2,5059",12,22,484,1,1,0,0
3610,"2,5059",12,23,529,1,1,0,0
3611,"2,5059",12,24,576,1,1,0,0
3612,"2,5059",9,23,529,1,0,1,0
3613,"2,5059",5,17,289,0,1,0,0
3614,"2,5059",5,40,1600,1,0,1,0
3615,"2,5059",5,15,225,0,1,0,0
3616,"2,5059",5,19,361,1,1,0,0
3617,"2,5059",5,18,324,1,1,0,0
3618,"2,5059",12,20,400,0,1,0,0
3619,"2,5059",5,22,484,1,0,1,0
3620,"2,5059",5,22,484,1,0,1,0
3621,"2,5059",12,25,625,1,0,1,0
3622,"2,5059",12,25,625,1,1,0,0
3623,"2,5059",9,25,625,0,0,1,0
3624,"2,5059",12,26,676,0,0,1,0
3625,"2,5059",9,20,400,0,1,0,0
3626,"2,5059",9,18,324,1,1,0,0
3627,"2,5059",12,17,289,1,1,0,0
3628,"2,5059",5,18,324,1,1,0,0
3629,"2,5059",9,19,361,1,1,0,0
3630,"2,5059",10,22,484,1,1,0,0
3631,"2,5059",9,20,400,0,1,0,0
3632,"2,5059",5,30,900,1,0,1,0
3633,"2,5059",12,23,529,0,0,1,0
3634,"2,5059",12,24,576,0,0,1,0
3635,"2,5059",12,33,1089,0,1,0,0
3636,"2,5059",5,18,324,1,1,0,0
3637,"2,5059",10,36,1296,1,0,1,0
3638,"2,5059",5,22,484,1,1,0,0
3639,"2,4651",5,22,484,0,0,1,0
3640,"2,3881",5,20,400,1,1,0,0
3641,"2,3881",5,22,484,1,1,0,0
3642,"2,3881",9,26,676,1,1,0,0
3643,"2,3881",9,21,441,0,1,0,0
3644,"2,3881",12,22,484,1,0,1,0
3645,"2,3518",5,52,2704,1,0,1,0
3646,"2,3518",5,57,3249,1,0,1,0
3647,"2,3518",5,50,2500,1,0,1,0
3648,"2,3518",5,18,324,0,1,0,0
3649,"2,3518",5,34,1156,0,0,1,0
3650,"2,3518",10,18,324,0,1,0,0
3651,"2,3518",5,28,784,0,0,1,0
3652,"2,3167",5,15,225,1,1,0,0
3653,"2,3167",9,26,676,1,0,1,0
3654,"2,3167",9,18,324,0,1,0,0
3655,"2,2828",12,54,2916,0,0,1,0
3656,"2,2828",9,24,576,1,1,0,0
3657,"2,2828",9,25,625,1,1,0,0
3658,"2,2828",5,35,1225,1,0,1,0
3659,"2,2828",9,44,1936,1,0,1,0
3660,"2,2828",5,18,324,1,1,0,0
3661,"2,2663",10,22,484,1,1,0,0
3662,"2,1875",5,25,625,1,0,1,0
3663,"2,1576",5,32,1024,0,0,1,0
3664,"2,1286",5,20,400,1,1,0,0
3665,"2,1286",5,50,2500,1,0,1,0
3666,"2,1005",5,28,784,0,0,1,0
3667,"2,1005",16,20,400,0,1,0,0
3668,"2,1005",5,40,1600,1,0,1,0
3669,"2,1005",12,18,324,0,1,0,0
3670,"2,1005",5,43,1849,0,0,1,0
3671,"2,1005",5,40,1600,1,0,1,0
3672,"2,0731",9,22,484,0,0,1,0
3673,"1,9463",9,23,529,1,1,0,0
3674,"1,9463",12,40,1600,1,0,1,0
3675,"1,9463",12,26,676,1,0,1,0
3676,"2,5257",5,40,1600,0,0,1,0
3677,"2,7528",16,25,625,1,1,0,1
3678,"2,5451",12,22,484,1,1,0,0
3679,"2,5451",5,50,2500,0,0,1,0
3680,"2,5451",9,18,324,1,1,0,0
3681,"2,5451",5,23,529,0,1,0,0
3682,"2,5451",5,18,324,0,1,0,0
3683,"2,5451",5,45,2025,1,0,1,0
3684,"2,5451",9,55,3025,1,0,1,0
3685,"2,5451",5,19,361,0,1,0,0
3686,"2,5451",5,30,900,0,0,1,0
3687,"2,4274",10,27,729,1,0,1,0
3688,"2,3910",9,30,900,0,0,1,0
3689,"2,1968",5,56,3136,1,0,1,0
3690,"2,1397",9,25,625,1,1,0,0
3691,"2,1397",5,21,441,1,1,0,0
3692,"2,5642",9,24,576,0,0,1,0
3693,"2,5755",12,50,2500,0,0,1,0
3694,"2,6254",9,35,1225,0,0,1,0
3695,"2,6039",12,24,576,1,1,0,0
3696,"2,6039",5,32,1024,1,0,1,0
3697,"2,5829",5,30,900,1,0,1,0
3698,"2,5829",9,20,400,0,1,0,0
3699,"2,5829",9,27,729,0,0,1,0
3700,"2,5829",10,32,1024,1,0,1,0
3701,"2,5829",9,32,1024,1,0,1,0
3702,"2,5829",12,22,484,0,0,1,0
3703,"2,5829",5,43,1849,1,0,1,0
3704,"2,5829",12,52,2704,1,0,1,0
3705,"2,4287",12,26,676,1,1,0,0
3706,"2,8529",5,18,324,0,1,0,0
3707,"2,6838",10,40,1600,1,0,1,0
3708,"2,6618",5,20,400,1,1,0,0
3709,"2,6403",5,30,900,1,1,0,0
3710,"2,6403",9,26,676,1,0,1,0
3711,"2,6193",12,23,529,1,1,0,0
3712,"2,6193",5,15,225,1,1,0,0
3713,"2,6193",5,18,324,1,1,0,0
3714,"2,6193",5,25,625,1,0,1,0
3715,"2,6193",9,18,324,1,1,0,0
3716,"2,6193",5,27,729,0,1,0,0
3717,"2,6193",5,22,484,1,1,0,0
3718,"2,6193",5,50,2500,1,0,0,0
3719,"2,6193",9,22,484,1,1,0,0
3720,"2,6193",5,30,900,1,0,1,0
3721,"2,5392",5,41,1681,0,0,1,0
3722,"2,5015",5,44,1936,0,0,1,0
3723,"2,5015",10,26,676,1,1,0,0
3724,"2,4651",5,42,1764,0,0,1,0
3725,"2,4300",12,20,400,0,1,0,0
3726,"2,4129",5,45,2025,0,0,1,0
3727,"2,3961",12,46,2116,0,0,1,0
3728,"2,3161",5,40,1600,0,0,1,0
3729,"2,3161",9,21,441,1,0,1,0
3730,"2,2138",16,25,625,1,1,0,0
3731,"2,7189",5,47,2209,1,0,1,0
3732,"2,5743",5,22,484,0,0,1,0
3733,"3,7869",12,26,676,1,1,0,0
3734,"3,0937",9,48,2304,1,0,1,1
3735,"3,0041",16,35,1225,1,0,1,0
3736,"2,9759",16,23,529,1,1,0,0
3737,"2,8959",16,24,576,1,1,0,0
3738,"2,8706",5,22,484,1,1,0,0
3739,"2,8706",5,22,484,1,1,0,0
3740,"2,8706",5,24,576,0,0,1,0
3741,"2,8706",9,24,576,0,1,0,0
3742,"2,8706",9,26,676,0,1,0,0
3743,"2,8706",5,31,961,1,0,1,0
3744,"2,8706",12,30,900,1,0,1,0
3745,"2,8459",5,26,676,0,0,1,0
3746,"2,8218",5,32,1024,0,0,1,0
3747,"2,8218",5,39,1521,0,0,1,0
3748,"2,8218",16,60,3600,1,0,1,0
3749,"2,7753",5,35,1225,1,0,1,0
3750,"2,7753",5,50,2500,1,0,1,0
3751,"2,7753",9,18,324,1,1,0,0
3752,"2,7753",12,38,1444,1,0,1,1
3753,"2,7528",12,48,2304,1,1,0,1
3754,"2,7528",10,22,484,1,1,0,0
3755,"2,7528",5,25,625,1,1,0,0
3756,"2,7528",5,26,676,1,0,1,0
3757,"2,7528",5,20,400,1,1,0,0
3758,"2,7528",9,36,1296,1,0,1,0
3759,"2,7528",10,22,484,1,1,0,0
3760,"2,7308",5,50,2500,0,0,1,0
3761,"2,7308",12,26,676,1,0,1,0
3762,"2,7308",10,24,576,1,1,0,0
3763,"2,7308",16,23,529,1,1,0,0
3764,"2,7308",5,55,3025,1,0,1,0
3765,"2,7308",12,30,900,1,0,1,0
3766,"2,7093",5,46,2116,1,0,1,0
3767,"2,7093",5,36,1296,1,0,1,0
3768,"2,7093",5,19,361,1,1,0,0
3769,"2,7093",5,29,841,1,1,0,0
3770,"2,6882",9,24,576,1,1,0,0
3771,"2,6882",16,25,625,0,0,1,0
3772,"2,6882",9,24,576,0,1,0,0
3773,"2,6882",5,30,900,1,0,0,0
3774,"2,6882",5,50,2500,0,0,1,0
3775,"2,6882",5,42,1764,1,0,1,0
3776,"2,6882",9,47,2209,1,0,1,0
3777,"2,6882",12,30,900,1,1,0,0
3778,"2,6882",12,24,576,1,1,0,0
3779,"2,6882",12,42,1764,1,0,1,0
3780,"2,6882",5,60,3600,1,0,1,0
3781,"2,6882",12,40,1600,1,0,1,0
3782,"2,6882",5,20,400,0,1,0,0
3783,"2,6882",5,22,484,1,1,0,0
3784,"2,6882",5,25,625,1,0,1,0
3785,"2,6882",5,48,2304,0,0,1,0
3786,"2,6882",9,19,361,1,1,0,0
3787,"2,6882",9,23,529,1,0,1,0
3788,"2,6882",12,16,256,1,1,0,0
3789,"2,6882",12,22,484,1,1,0,0
3790,"2,6882",12,24,576,1,1,0,0
3791,"2,6882",12,24,576,1,1,0,1
3792,"2,6882",12,28,784,0,0,1,0
3793,"2,6882",12,32,1024,1,0,1,0
3794,"2,6882",5,26,676,1,0,1,0
3795,"2,6882",5,40,1600,1,0,1,0
3796,"2,6882",12,33,1089,1,0,1,0
3797,"2,6882",12,26,676,1,1,0,0
3798,"2,6882",12,27,729,1,0,1,0
3799,"2,6882",12,25,625,1,1,0,0
3800,"2,6882",5,24,576,1,0,1,0
3801,"2,6882",5,17,289,1,1,0,0
3802,"2,6882",9,18,324,0,1,0,0
3803,"2,6882",12,18,324,1,1,0,0
3804,"2,6882",12,22,484,1,1,0,0
3805,"2,6882",9,20,400,1,1,0,0
3806,"2,6882",9,24,576,1,1,0,0
3807,"2,6882",5,60,3600,1,0,1,0
3808,"2,6882",12,24,576,1,1,0,0
3809,"2,6882",16,22,484,1,1,0,0
3810,"2,6882",5,22,484,0,0,1,0
3811,"2,6882",9,37,1369,0,0,1,0
3812,"2,6882",12,28,784,1,0,1,0
3813,"2,6882",5,23,529,1,1,0,0
3814,"2,6882",5,35,1225,1,0,1,0
3815,"2,6882",5,16,256,1,1,0,0
3816,"2,6882",5,25,625,1,1,0,0
3817,"2,6882",12,18,324,1,1,0,0
3818,"2,6882",5,60,3600,1,0,1,0
3819,"2,6882",10,25,625,1,1,0,0
3820,"2,6882",12,19,361,0,0,1,0
3821,"2,6882",5,30,900,1,0,1,0
3822,"2,6882",5,42,1764,0,0,1,0
3823,"2,6882",9,31,961,1,0,1,0
3824,"2,6882",12,21,441,0,0,1,0
3825,"2,6882",12,22,484,1,1,0,0
3826,"2,6882",9,27,729,1,0,1,0
3827,"2,6882",5,19,361,1,1,0,0
3828,"2,6882",9,15,225,1,1,0,0
3829,"2,6676",10,20,400,1,1,0,0
3830,"2,6474",9,44,1936,1,0,0,1
3831,"2,6474",5,54,2916,1,0,1,0
3832,"2,6082",5,42,1764,1,0,1,0
3833,"2,6082",12,35,1225,1,0,1,0
3834,"2,6082",10,33,1089,1,0,1,0
3835,"2,5892",12,23,529,0,1,0,0
3836,"2,5705",9,19,361,1,1,0,0
3837,"2,5705",5,54,2916,1,0,0,1
3838,"2,5705",5,26,676,1,1,0,0
3839,"2,5705",5,28,784,0,0,1,0
3840,"2,5705",5,44,1936,1,0,0,1
3841,"2,5705",5,42,1764,0,0,1,0
3842,"2,5705",9,30,900,1,0,1,0
3843,"2,5705",10,24,576,1,1,0,0
3844,"2,5521",5,34,1156,1,0,1,0
3845,"2,5341",5,30,900,0,0,1,0
3846,"2,5341",5,36,1296,1,0,1,0
3847,"2,5341",5,30,900,1,0,1,0
3848,"2,5341",9,27,729,1,0,1,0
3849,"2,5341",5,42,1764,1,0,1,0
3850,"2,5341",5,22,484,0,1,0,0
3851,"2,5341",12,24,576,0,1,0,0
3852,"2,5341",9,38,1444,1,0,1,0
3853,"2,5341",5,28,784,1,0,1,0
3854,"2,5341",5,26,676,1,0,1,0
3855,"2,5341",5,32,1024,0,0,1,0
3856,"2,5341",12,30,900,0,0,1,0
3857,"2,4819",5,55,3025,1,0,1,0
3858,"2,4651",12,27,729,1,1,0,0
3859,"2,4651",5,38,1444,1,0,1,0
3860,"2,4651",5,20,400,1,1,0,0
3861,"2,4651",5,18,324,1,1,0,0
3862,"2,4651",12,18,324,1,1,0,0
3863,"2,4651",9,27,729,1,0,1,0
3864,"2,4651",5,18,324,1,1,0,0
3865,"2,4651",5,32,1024,1,0,1,0
3866,"2,4006",5,25,625,0,0,1,0
3867,"2,4006",5,27,729,0,0,1,0
3868,"2,3851",5,26,676,1,0,1,0
3869,"2,3698",5,40,1600,0,0,1,0
3870,"2,3110",5,40,1600,1,0,1,0
3871,"2,3110",5,40,1600,0,0,1,0
3872,"2,3110",12,35,1225,0,0,1,0
3873,"2,3110",9,23,529,1,1,0,0
3874,"2,3110",9,16,256,0,1,0,0
3875,"2,3110",5,50,2500,1,0,1,0
3876,"2,3110",5,39,1521,1,1,0,0
3877,"2,3110",5,40,1600,0,0,1,0
3878,"2,3110",12,30,900,0,0,1,0
3879,"2,3110",5,55,3025,1,0,1,0
3880,"2,2828",5,32,1024,1,0,1,0
3881,"2,2828",12,45,2025,0,0,1,0
3882,"2,2828",5,20,400,1,1,0,0
3883,"2,2828",5,20,400,1,0,1,0
3884,"2,2828",5,30,900,1,0,1,0
3885,"2,2828",12,22,484,0,1,0,0
3886,"2,2828",12,17,289,1,1,0,0
3887,"2,2828",5,40,1600,1,0,1,0
3888,"2,2828",9,25,625,0,0,1,0
3889,"2,2828",5,36,1296,0,0,1,0
3890,"2,1774",5,54,2916,1,0,1,0
3891,"2,1650",12,35,1225,1,0,1,0
3892,"2,1286",10,22,484,1,1,0,0
3893,"2,1286",9,24,576,1,1,0,0
3894,"2,1286",9,41,1681,1,0,1,0
3895,"2,1286",5,38,1444,1,0,1,0
3896,"2,7048",5,56,3136,0,0,1,0
3897,"2,7048",16,25,625,0,1,0,1
3898,"3,5965",9,22,484,1,1,0,0
3899,"2,7421",5,26,676,1,1,0,0
3900,"2,7210",9,46,2116,1,0,1,0
3901,"2,7210",5,36,1296,0,0,1,0
3902,"2,7210",12,27,729,1,1,0,0
3903,"2,4979",5,28,784,1,1,0,0
3904,"2,3437",5,52,2704,0,0,1,0
3905,"2,3437",12,29,841,1,0,1,0
3906,"2,7701",5,32,1024,1,0,1,0
3907,"2,8863",5,38,1444,1,0,1,0
3908,"2,8863",12,35,1225,1,0,1,0
3909,"2,8398",9,28,784,1,1,0,0
3910,"2,7953",5,22,484,1,0,1,0
3911,"2,7528",12,55,3025,1,0,1,0
3912,"2,7528",9,30,900,0,0,1,0
3913,"2,7528",12,34,1156,0,0,1,0
3914,"2,7528",5,27,729,1,0,1,0
3915,"2,7528",5,28,784,0,1,0,0
3916,"2,7528",5,58,3364,0,0,1,0
3917,"2,7528",5,60,3600,1,0,1,0
3918,"2,7528",5,16,256,1,1,0,0
3919,"2,7528",10,20,400,1,1,0,1
3920,"2,7528",12,27,729,1,1,0,0
3921,"2,7528",5,45,2025,0,0,1,0
3922,"2,7528",5,22,484,0,1,0,0
3923,"2,7528",5,31,961,0,0,1,0
3924,"2,7528",5,25,625,1,0,1,0
3925,"2,6350",9,17,289,1,1,0,0
3926,"2,6350",5,36,1296,0,0,1,0
3927,"2,6167",5,40,1600,1,0,1,0
3928,"2,5986",5,42,1764,0,0,1,0
3929,"2,4343",5,38,1444,0,0,1,0
3930,"2,3473",5,22,484,1,1,0,0
3931,"2,3473",5,50,2500,1,0,1,0
3932,"2,8108",9,41,1681,0,0,1,0
3933,"2,8481",5,34,1156,1,0,0,1
3934,"2,8261",5,46,2116,1,0,1,0
3935,"2,7836",10,22,484,0,1,0,0
3936,"2,7836",5,50,2500,0,0,1,0
3937,"2,7035",5,24,576,0,0,1,0
3938,"2,8856",12,27,729,1,1,0,0
3939,"2,6956",5,35,1225,0,0,1,0
3940,"2,6593",5,38,1444,0,0,1,0
3941,"2,6593",5,25,625,0,0,1,0
3942,"3,1102",12,40,1600,1,0,1,0
3943,"2,8548",12,46,2116,1,0,1,0
3944,"3,6226",9,36,1296,1,0,1,0
3945,"3,1301",9,35,1225,1,0,1,0
3946,"3,1301",10,38,1444,1,0,1,0
3947,"3,1301",12,38,1444,1,0,1,0
3948,"2,9294",12,28,784,1,1,0,0
3949,"2,9294",9,22,484,1,0,1,0
3950,"2,9294",16,28,784,1,1,0,0
3951,"2,9294",5,39,1521,1,0,1,0
3952,"2,9069",9,30,900,1,0,1,0
3953,"2,8850",5,20,400,0,0,1,0
3954,"2,8850",5,23,529,0,0,1,0
3955,"2,8850",9,18,324,1,1,0,0
3956,"2,8850",10,31,961,1,0,1,0
3957,"2,8424",5,32,1024,1,0,1,0
3958,"2,8424",12,45,2025,1,0,1,0
3959,"2,8424",10,44,1936,1,0,1,0
3960,"2,8424",5,48,2304,0,0,1,0
3961,"2,8424",16,25,625,1,1,0,0
3962,"2,8424",5,25,625,0,0,1,0
3963,"2,8424",10,26,676,0,1,0,0
3964,"2,8424",9,20,400,1,1,0,0
3965,"2,8424",9,34,1156,1,0,1,0
3966,"2,8424",16,42,1764,1,0,1,0
3967,"2,8424",12,45,2025,1,0,1,0
3968,"2,8424",5,55,3025,0,0,1,0
3969,"2,8424",12,35,1225,0,1,0,0
3970,"2,8424",10,28,784,1,1,0,0
3971,"2,8424",10,19,361,1,1,0,0
3972,"2,8218",5,23,529,0,0,1,0
3973,"2,7624",12,30,900,0,0,1,0
3974,"2,7433",5,59,3481,0,0,1,0
3975,"2,7246",5,18,324,1,1,0,0
3976,"2,7246",5,26,676,1,1,0,0
3977,"2,7246",5,52,2704,0,0,1,0
3978,"2,7246",5,40,1600,1,0,1,0
3979,"2,7246",12,45,2025,1,0,1,0
3980,"2,7246",12,40,1600,1,0,1,0
3981,"2,6882",9,42,1764,0,0,1,0
3982,"2,6882",12,40,1600,1,0,1,0
3983,"2,6882",5,60,3600,0,0,0,0
3984,"2,6882",5,30,900,0,0,1,0
3985,"2,6882",5,42,1764,0,0,1,0
3986,"2,6882",5,24,576,0,1,0,0
3987,"2,6882",5,50,2500,1,0,1,0
3988,"2,6532",16,30,900,1,0,1,0
3989,"2,6193",5,45,2025,1,0,1,0
3990,"2,6193",12,25,625,1,1,0,0
3991,"2,6193",12,25,625,1,0,1,0
3992,"2,6193",5,25,625,1,1,0,0
3993,"2,6193",10,18,324,1,1,0,1
3994,"2,6193",9,26,676,1,1,0,0
3995,"2,6193",9,45,2025,1,0,1,0
3996,"2,6193",5,20,400,0,1,0,0
3997,"2,5547",5,24,576,0,1,0,0
3998,"2,5547",9,35,1225,0,0,1,0
3999,"2,4941",5,40,1600,1,0,1,0
4000,"2,4651",12,36,1296,1,0,1,0
4001,"2,4369",5,45,2025,1,0,1,0
4002,"2,4369",5,45,2025,1,0,1,0
4003,"2,3569",16,28,784,1,0,0,0
4004,"2,3316",5,27,729,0,0,1,0
4005,"2,2828",5,18,324,1,1,0,0
4006,"3,0529",5,38,1444,1,0,1,0
4007,"2,8706",5,50,2500,0,0,1,0
4008,"2,8706",5,20,400,0,1,0,0
4009,"2,8706",5,26,676,0,1,0,0
4010,"2,8706",10,24,576,1,0,1,0
4011,"2,8706",5,32,1024,1,0,1,0
4012,"2,8706",12,36,1296,1,0,1,0
4013,"2,8706",5,24,576,1,1,0,0
4014,"2,7528",5,36,1296,1,0,1,0
4015,"2,7164",5,36,1296,1,0,1,0
4016,"2,6813",5,18,324,1,1,0,0
4017,"2,5829",9,23,529,1,1,0,0
4018,"2,5371",5,42,1764,0,0,1,0
4019,"2,4933",5,22,484,0,1,0,0
4020,"2,8980",5,56,3136,1,0,1,0
4021,"2,8980",9,49,2401,1,0,1,0
4022,"2,7989",5,39,1521,0,0,1,0
4023,"2,7438",9,26,676,0,0,1,0
4024,"2,6748",12,35,1225,1,0,1,0
4025,"2,3384",5,30,900,1,0,1,0
4026,"2,9246",12,26,676,0,0,1,0
4027,"2,9246",9,30,900,0,1,0,0
4028,"2,8446",5,16,256,1,1,0,0
4029,"2,7705",9,49,2401,1,0,1,0
4030,"2,5192",5,48,2304,1,0,1,0
4031,"2,5192",5,35,1225,1,0,1,0
4032,"2,3650",5,42,1764,0,0,1,0
4033,"2,5322",5,48,2304,1,0,1,0
4034,"3,4459",16,27,729,1,1,0,0
4035,"3,3814",12,20,400,1,1,0,0
4036,"3,3814",10,43,1849,1,0,1,0
4037,"3,1836",10,24,576,1,1,0,1
4038,"3,1583",5,30,900,1,0,1,0
4039,"3,1583",16,23,529,1,1,0,0
4040,"3,1095",5,24,576,1,0,1,0
4041,"3,1095",5,28,784,1,0,1,0
4042,"3,0629",5,32,1024,0,0,1,0
4043,"3,0629",12,30,900,0,1,0,0
4044,"3,0629",12,49,2401,0,0,1,0
4045,"3,0629",5,50,2500,1,0,1,0
4046,"3,0629",12,38,1444,1,0,1,0
4047,"3,0405",9,50,2500,0,0,1,0
4048,"3,0405",16,35,1225,1,0,1,0
4049,"3,0185",16,23,529,1,1,0,0
4050,"3,0185",12,25,625,1,0,1,0
4051,"3,0185",5,25,625,1,0,1,0
4052,"3,0185",12,35,1225,1,0,1,0
4053,"2,9759",9,35,1225,0,0,1,0
4054,"2,9759",9,27,729,0,0,1,0
4055,"2,9759",5,48,2304,1,0,1,0
4056,"2,9759",5,55,3025,1,0,1,0
4057,"2,9759",16,24,576,1,1,0,0
4058,"2,9759",10,39,1521,1,0,1,0
4059,"2,9759",10,21,441,1,1,0,0
4060,"2,9759",16,25,625,1,0,1,0
4061,"2,9759",12,36,1296,0,0,1,0
4062,"2,9759",5,26,676,1,1,0,0
4063,"2,9759",5,42,1764,1,0,1,0
4064,"2,9759",5,28,784,1,0,1,0
4065,"2,9759",12,27,729,1,0,1,0
4066,"2,9759",12,42,1764,1,0,1,0
4067,"2,9759",9,25,625,1,1,0,0
4068,"2,9759",10,28,784,1,1,0,0
4069,"2,9759",5,35,1225,1,0,1,0
4070,"2,9759",9,16,256,1,1,0,0
4071,"2,9759",5,40,1600,1,0,1,0
4072,"2,9759",12,40,1600,0,0,1,0
4073,"2,9759",5,22,484,1,1,0,0
4074,"2,9759",5,38,1444,0,0,1,0
4075,"2,9759",12,28,784,1,1,0,0
4076,"2,9759",12,22,484,1,1,0,0
4077,"2,9759",9,25,625,1,0,1,0
4078,"2,9759",12,30,900,0,1,0,0
4079,"2,9759",12,40,1600,1,0,1,0
4080,"2,9759",12,26,676,1,1,0,0
4081,"2,9759",5,38,1444,1,0,1,0
4082,"2,9759",5,45,2025,0,0,1,0
4083,"2,9759",5,27,729,1,0,1,0
4084,"2,9759",12,27,729,1,1,0,0
4085,"2,9759",10,24,576,1,0,1,0
4086,"2,9553",5,35,1225,1,0,1,0
4087,"2,8959",12,32,1024,0,0,1,1
4088,"2,8959",5,26,676,0,0,1,0
4089,"2,8959",5,33,1089,0,0,1,0
4090,"2,8768",5,33,1089,0,0,1,0
4091,"2,8768",5,38,1444,0,0,1,0
4092,"2,8581",9,20,400,1,1,0,0
4093,"2,8581",9,23,529,1,1,0,0
4094,"2,8581",9,52,2704,1,0,1,0
4095,"2,8581",5,42,1764,0,0,1,0
4096,"2,8581",12,24,576,1,0,1,0
4097,"2,8581",12,35,1225,1,0,1,0
4098,"2,8581",5,42,1764,1,0,1,0
4099,"2,8581",12,51,2601,1,0,1,0
4100,"2,8581",5,26,676,1,0,1,0
4101,"2,8581",9,50,2500,0,0,1,0
4102,"2,8581",5,30,900,0,0,1,0
4103,"2,8581",5,23,529,1,1,0,0
4104,"2,8218",9,19,361,1,1,0,0
4105,"2,8218",12,55,3025,1,0,1,0
4106,"2,8218",5,22,484,1,1,0,1
4107,"2,8218",10,45,2025,1,0,1,0
4108,"2,8218",5,28,784,0,0,1,0
4109,"2,8218",5,45,2025,0,0,1,0
4110,"2,8218",5,28,784,1,0,1,0
4111,"2,7867",10,28,784,1,0,1,0
4112,"2,7696",5,25,625,1,0,1,0
4113,"2,7528",12,22,484,1,1,0,0
4114,"2,7528",16,21,441,1,1,0,0
4115,"2,7528",12,24,576,1,0,1,0
4116,"2,7528",12,23,529,1,1,0,0
4117,"2,7528",9,54,2916,0,0,1,0
4118,"2,7528",10,23,529,1,1,0,0
4119,"2,7528",5,30,900,0,0,1,0
4120,"2,7528",10,21,441,1,1,0,0
4121,"2,7528",5,40,1600,1,0,1,1
4122,"2,7528",10,24,576,1,1,0,0
4123,"2,7528",10,20,400,1,1,0,0
4124,"2,7528",12,38,1444,1,0,1,0
4125,"2,7528",10,27,729,1,1,0,0
4126,"2,6575",12,24,576,1,1,0,0
4127,"2,6575",5,50,2500,1,0,1,0
4128,"2,6575",12,30,900,1,0,0,0
4129,"2,6276",5,38,1444,1,0,1,0
4130,"2,6276",5,30,900,0,0,1,0
4131,"2,6130",16,30,900,1,1,0,0
4132,"2,5986",10,32,1024,1,0,1,0
4133,"2,5986",5,32,1024,1,0,1,0
4134,"2,5986",5,21,441,0,0,1,0
4135,"2,5705",5,35,1225,1,0,1,0
4136,"2,5705",9,19,361,1,1,0,0
4137,"2,5431",5,15,225,1,0,0,0
4138,"2,4904",5,32,1024,1,0,1,0
4139,"2,4904",5,45,2025,1,0,1,0
4140,"2,4651",5,15,225,0,1,0,0
4141,"2,4404",5,32,1024,0,0,1,0
4142,"2,4163",5,16,256,1,1,0,0
4143,"2,4163",5,18,324,1,1,0,0
4144,"2,4163",9,20,400,1,1,0,0
4145,"2,4163",5,20,400,1,1,0,0
4146,"2,4163",12,26,676,1,1,0,0
4147,"2,4163",9,22,484,1,1,0,0
4148,"3,1682",12,48,2304,1,0,1,0
4149,"3,0006",12,23,529,1,1,0,0
4150,"3,0006",12,32,1024,1,0,1,0
4151,"2,9206",5,42,1764,0,0,1,0
4152,"3,1117",5,22,484,1,1,0,0
4153,"3,0893",10,27,729,1,0,1,0
4154,"3,0673",5,40,1600,1,0,1,0
4155,"3,0247",5,38,1444,0,0,1,0
4156,"3,0247",12,45,2025,1,0,0,0
4157,"2,9069",5,58,3364,1,0,1,0
4158,"2,8016",10,28,784,1,0,1,0
4159,"2,7215",5,32,1024,0,0,1,0
4160,"2,6474",12,28,784,1,1,0,0
4161,"2,6193",5,47,2209,1,0,1,0
4162,"2,9375",12,43,1849,1,0,1,0
4163,"3,0483",5,30,900,0,0,1,0
4164,"3,0483",10,24,576,1,1,0,0
4165,"2,9682",5,35,1225,0,0,1,0
4166,"2,8941",5,35,1225,0,0,1,0
4167,"3,0790",9,36,1296,1,0,1,0
4168,"3,0712",10,52,2704,1,0,1,0
4169,"2,9171",5,25,625,0,0,1,0
4170,"2,8481",5,44,1936,0,0,1,0
4171,"3,2760",5,32,1024,0,1,0,0
4172,"3,1807",10,21,441,1,1,0,1
4173,"3,1583",9,26,676,1,0,1,0
4174,"3,1363",16,21,441,1,1,0,1
4175,"3,1363",5,27,729,0,0,1,0
4176,"3,1363",5,40,1600,0,0,1,0
4177,"3,1148",5,45,2025,0,0,1,0
4178,"3,0937",12,23,529,1,1,0,0
4179,"3,0937",10,40,1600,1,0,1,0
4180,"3,0937",16,23,529,1,1,0,0
4181,"3,0937",5,33,1089,1,0,1,0
4182,"3,0937",5,22,484,1,1,0,0
4183,"3,0937",5,30,900,0,0,1,0
4184,"3,0937",5,32,1024,1,0,1,0
4185,"3,0937",10,35,1225,1,0,1,0
4186,"3,0937",12,29,841,1,0,1,0
4187,"3,0937",12,35,1225,1,0,1,0
4188,"3,0937",5,48,2304,1,0,1,0
4189,"3,0937",5,40,1600,1,0,1,0
4190,"3,0937",12,35,1225,0,0,1,0
4191,"3,0937",9,32,1024,1,0,1,0
4192,"3,0937",12,33,1089,0,0,1,0
4193,"3,0937",12,27,729,1,1,0,0
4194,"3,0937",12,18,324,1,1,0,0
4195,"3,0937",12,50,2500,1,0,1,0
4196,"3,0731",16,35,1225,1,0,1,0
4197,"3,0529",9,36,1296,1,0,1,0
4198,"2,9759",12,27,729,1,0,1,0
4199,"2,9759",5,48,2304,1,0,1,0
4200,"2,9396",5,53,2809,0,0,1,0
4201,"2,9396",5,34,1156,0,0,1,0
4202,"2,9045",5,20,400,1,1,0,0
4203,"2,9045",5,30,900,1,0,1,0
4204,"2,8706",9,35,1225,1,0,1,0
4205,"2,8706",9,25,625,1,0,1,0
4206,"2,8706",9,27,729,1,0,1,0
4207,"2,8706",9,40,1600,1,0,1,0
4208,"2,8706",12,45,2025,1,0,1,0
4209,"2,8706",16,29,841,1,1,0,0
4210,"2,7308",9,38,1444,1,0,1,0
4211,"2,5341",5,45,2025,1,0,1,0
4212,"3,2733",12,40,1600,1,0,1,0
4213,"2,9615",5,55,3025,1,0,1,0
4214,"2,9264",16,25,625,1,1,0,0
4215,"3,3195",5,32,1024,0,0,1,0
4216,"3,2242",10,23,529,1,1,0,0
4217,"3,1372",16,45,2025,1,0,1,0
4218,"2,5776",5,25,625,0,0,1,0
4219,"3,0976",5,32,1024,1,0,1,0
4220,"2,8706",5,45,2025,0,0,1,0
4221,"2,7810",5,30,900,1,0,1,0
4222,"2,5986",5,35,1225,0,0,1,0
4223,"3,1789",5,38,1444,0,0,1,0
4224,"3,8922",12,56,3136,1,0,1,0
4225,"3,8122",16,55,3025,1,0,1,0
4226,"3,6045",16,40,1600,1,0,1,0
4227,"3,6045",16,30,900,1,0,1,0
4228,"3,6045",9,28,784,1,0,1,0
4229,"3,5439",16,43,1849,1,0,1,1
4230,"3,4067",12,18,324,0,1,0,0
4231,"3,3814",16,30,900,1,1,0,0
4232,"3,3814",5,23,529,1,1,0,0
4233,"3,3814",10,30,900,1,0,1,0
4234,"3,3326",16,38,1444,1,0,1,0
4235,"3,3326",10,27,729,0,0,1,0
4236,"3,2861",10,18,324,1,1,0,0
4237,"3,2636",12,31,961,1,0,1,0
4238,"3,2636",10,32,1024,0,0,1,0
4239,"3,2636",12,32,1024,1,0,1,0
4240,"3,2636",12,35,1225,1,0,1,0
4241,"3,2636",10,24,576,1,0,1,0
4242,"3,2636",10,36,1296,1,0,1,0
4243,"3,2416",16,32,1024,1,1,0,0
4244,"3,2416",10,28,784,0,0,1,0
4245,"3,2416",12,20,400,1,1,0,0
4246,"3,1991",5,45,2025,1,0,1,0
4247,"3,1991",16,30,900,0,0,1,0
4248,"3,1991",12,43,1849,1,0,1,0
4249,"3,1991",12,45,2025,1,0,1,0
4250,"3,1991",10,27,729,1,1,0,0
4251,"3,1991",5,28,784,0,0,1,0
4252,"3,1991",12,29,841,1,0,1,0
4253,"3,1991",12,35,1225,1,1,0,0
4254,"3,1991",10,46,2116,1,0,1,0
4255,"3,1991",5,35,1225,1,0,1,0
4256,"3,1991",5,18,324,1,1,0,0
4257,"3,1991",10,50,2500,1,0,1,0
4258,"3,1991",12,24,576,1,1,0,0
4259,"3,1991",10,45,2025,1,0,1,0
4260,"3,1991",10,42,1764,1,0,1,0
4261,"3,1991",5,46,2116,0,0,1,0
4262,"3,1991",5,42,1764,1,0,1,0
4263,"3,1991",10,46,2116,1,0,1,0
4264,"3,1991",12,36,1296,1,0,1,0
4265,"3,1991",16,25,625,1,0,1,0
4266,"3,1991",16,25,625,1,1,0,0
4267,"3,1991",10,28,784,1,1,0,0
4268,"3,1991",16,28,784,1,1,0,0
4269,"3,1991",12,55,3025,1,0,1,0
4270,"3,1991",10,25,625,1,0,1,0
4271,"3,1991",10,27,729,1,0,1,0
4272,"3,1991",12,22,484,1,1,0,1
4273,"3,1991",16,22,484,1,0,1,1
4274,"3,1991",16,37,1369,1,0,1,0
4275,"3,1991",10,27,729,1,0,1,0
4276,"3,1785",9,35,1225,0,0,1,0
4277,"3,1190",12,39,1521,1,0,1,0
4278,"3,1190",16,40,1600,1,0,1,0
4279,"3,1190",9,25,625,1,1,0,0
4280,"3,0813",9,20,400,1,1,0,0
4281,"3,0813",9,23,529,1,1,0,0
4282,"3,0813",10,46,2116,1,0,1,0
4283,"3,0813",16,37,1369,0,0,1,0
4284,"3,0629",9,38,1444,1,0,1,0
4285,"3,0449",12,26,676,1,1,0,0
4286,"3,0449",5,46,2116,0,0,1,0
4287,"3,0098",5,55,3025,1,0,1,0
4288,"2,9759",9,36,1296,1,0,1,0
4289,"2,9759",12,27,729,1,1,0,0
4290,"2,9759",10,35,1225,1,0,1,0
4291,"2,9759",12,23,529,1,0,1,0
4292,"2,9759",12,28,784,0,0,1,0
4293,"2,9594",5,42,1764,0,0,1,0
4294,"2,9271",5,55,3025,0,0,0,0
4295,"2,8959",5,45,2025,1,0,1,0
4296,"2,8656",10,30,900,1,0,1,0
4297,"2,8218",5,30,900,0,0,1,0
4298,"2,8218",5,37,1369,0,0,1,0
4299,"2,7936",12,32,1024,0,0,1,0
4300,"2,7936",9,45,2025,0,0,1,0
4301,"2,6882",9,25,625,0,0,1,0
4302,"3,0027",9,41,1681,0,0,1,0
4303,"3,2189",9,32,1024,0,0,1,0
4304,"2,8706",10,35,1225,1,0,1,0
4305,"2,8706",5,32,1024,0,0,1,0
4306,"3,2809",5,55,3025,1,0,1,0
4307,"3,2383",5,45,2025,0,0,1,0
4308,"3,0320",12,25,625,1,1,0,0
4309,"3,0152",12,40,1600,1,0,1,0
4310,"3,0152",9,40,1600,0,0,1,0
4311,"2,8610",5,40,1600,0,0,1,0
4312,"3,2573",5,60,3600,0,0,1,0
4313,"3,2573",10,56,3136,1,0,1,0
4314,"3,2573",16,29,841,1,1,0,0
4315,"3,6102",5,40,1600,1,0,1,0
4316,"3,5547",5,30,900,1,0,1,0
4317,"3,3369",10,56,3136,0,0,1,0
4318,"3,2944",5,50,2500,0,0,1,0
4319,"3,2944",5,26,676,1,1,0,0
4320,"3,2944",5,39,1521,0,0,1,0
4321,"3,1402",5,45,2025,1,0,1,0
4322,"3,1051",12,29,841,1,0,1,0
4323,"3,0712",9,18,324,1,1,0,0
4324,"3,0712",12,50,2500,1,0,1,0
4325,"2,9171",5,28,784,0,1,0,0
4326,"2,9171",5,35,1225,0,0,1,0
4327,"3,3124",5,30,900,0,0,1,0
4328,"3,1763",16,38,1444,1,0,1,0
4329,"3,3301",12,42,1764,0,0,1,0
4330,"3,3475",5,40,1600,0,0,1,0
4331,"3,7869",16,24,576,1,1,0,0
4332,"3,5890",5,50,2500,0,0,1,0
4333,"3,5637",16,40,1600,1,0,1,0
4334,"3,5637",12,55,3025,1,0,1,0
4335,"3,5637",16,23,529,1,1,0,0
4336,"3,4684",12,58,3364,1,0,1,0
4337,"3,4684",12,55,3025,1,0,1,0
4338,"3,4684",16,22,484,1,1,0,0
4339,"3,4459",5,52,2704,1,0,1,0
4340,"3,4459",12,28,784,1,0,1,0
4341,"3,4459",5,50,2500,1,0,1,0
4342,"3,4459",16,36,1296,1,0,1,0
4343,"3,4240",5,32,1024,0,0,1,0
4344,"3,4240",5,55,3025,0,0,1,0
4345,"3,3814",10,41,1681,1,0,1,0
4346,"3,3814",16,42,1764,1,0,1,0
4347,"3,3814",16,26,676,1,1,0,0
4348,"3,3814",16,26,676,1,1,0,0
4349,"3,3814",16,38,1444,1,0,1,0
4350,"3,3814",16,32,1024,1,0,1,0
4351,"3,3814",9,30,900,1,1,0,0
4352,"3,3814",12,25,625,0,1,0,0
4353,"3,3814",12,44,1936,1,0,1,0
4354,"3,3814",16,28,784,1,0,1,0
4355,"3,3814",5,55,3025,1,0,1,0
4356,"3,3814",5,51,2601,0,0,1,0
4357,"3,3814",16,35,1225,0,0,1,0
4358,"3,3814",10,33,1089,1,0,0,0
4359,"3,3814",5,29,841,0,0,1,0
4360,"3,2636",10,44,1936,1,0,1,0
4361,"3,2272",5,29,841,1,0,1,0
4362,"3,2272",12,32,1024,1,0,1,0
4363,"3,2272",9,30,900,0,1,0,0
4364,"3,1583",5,30,900,0,0,1,0
4365,"3,1583",10,32,1024,1,0,1,0
4366,"3,1583",12,48,2304,1,0,1,0
4367,"3,1583",5,45,2025,1,0,1,0
4368,"3,1583",9,40,1600,1,0,1,0
4369,"3,1583",16,40,1600,1,0,1,0
4370,"3,1095",16,29,841,1,1,0,0
4371,"2,9759",5,22,484,0,0,1,0
4372,"3,6028",12,45,2025,1,0,1,0
4373,"3,3734",16,23,529,1,1,0,0
4374,"3,4222",16,22,484,1,1,0,0
4375,"3,7773",16,25,625,1,0,1,1
4376,"3,6438",10,35,1225,1,0,1,0
4377,"3,5484",9,28,784,1,0,1,0
4378,"3,5040",16,25,625,1,1,0,1
4379,"3,4614",5,50,2500,1,0,1,0
4380,"3,4614",5,45,2025,1,0,0,1
4381,"3,4614",9,35,1225,1,0,1,0
4382,"3,3814",12,42,1764,1,0,1,0
4383,"3,3437",16,32,1024,1,0,1,0
4384,"3,3437",12,45,2025,1,0,1,0
4385,"3,3437",10,24,576,1,1,0,0
4386,"3,1738",9,39,1521,1,0,1,0
4387,"3,0841",5,35,1225,0,0,1,0
4388,"3,4767",16,25,625,1,1,0,1
4389,"3,5246",10,42,1764,0,0,1,0
4390,"3,5525",5,45,2025,0,0,1,0
4391,"3,2198",5,28,784,1,0,1,0
4392,"3,6226",12,25,625,1,1,0,0
4393,"3,6226",10,32,1024,1,0,1,0
4394,"3,6001",16,20,400,1,1,0,0
4395,"3,6001",12,21,441,1,1,0,0
4396,"3,5355",12,60,3600,0,0,1,0
4397,"3,5355",16,37,1369,1,0,1,0
4398,"3,5355",16,47,2209,1,0,1,0
4399,"3,5355",16,38,1444,1,0,1,0
4400,"3,5355",16,40,1600,1,0,0,1
4401,"3,5355",16,30,900,1,0,1,0
4402,"3,4749",12,29,841,0,0,1,0
4403,"3,4749",16,48,2304,1,0,1,0
4404,"3,4365",16,50,2500,1,0,1,0
4405,"3,4178",16,38,1444,1,0,1,0
4406,"3,4178",9,30,900,1,0,1,0
4407,"3,4178",12,24,576,1,1,0,0
4408,"3,3124",9,36,1296,1,0,1,0
4409,"3,1583",5,38,1444,1,0,1,0
4410,"3,1301",10,20,400,1,1,0,0
4411,"3,1301",5,35,1225,0,0,1,0
4412,"3,0000",5,38,1444,1,0,1,0
4413,"3,6645",16,39,1521,1,0,1,0
4414,"3,2002",5,45,2025,0,0,1,0
4415,"3,6691",16,48,2304,1,0,1,0
4416,"3,6471",16,42,1764,1,0,1,0
4417,"3,6045",12,55,3025,0,0,1,0
4418,"3,6045",12,49,2401,1,0,1,0
4419,"3,6045",16,29,841,1,0,1,0
4420,"3,4868",16,21,441,1,1,0,0
4421,"3,3814",12,48,2304,1,0,1,0
4422,"3,2272",5,48,2304,1,0,1,0
4423,"3,6178",16,47,2209,1,0,1,0
4424,"3,2665",5,32,1024,1,0,1,0
4425,"3,7236",12,26,676,0,1,0,0
4426,"3,9849",12,35,1225,1,0,1,0
4427,"3,7561",12,53,2809,1,0,1,0
4428,"3,7116",9,55,3025,1,0,1,0
4429,"3,7116",12,45,2025,1,0,1,0
4430,"3,7116",16,26,676,1,0,1,0
4431,"3,7116",16,42,1764,1,0,1,0
4432,"3,6901",5,58,3364,1,0,1,0
4433,"3,6691",10,50,2500,1,0,1,0
4434,"3,6691",12,32,1024,1,0,1,0
4435,"3,6691",16,29,841,1,1,0,0
4436,"3,6691",5,46,2116,0,0,1,0
4437,"3,6691",16,40,1600,1,0,1,0
4438,"3,6283",16,30,900,1,1,0,0
4439,"3,6283",10,36,1296,1,0,1,0
4440,"3,6085",16,30,900,1,0,1,0
4441,"3,5513",12,56,3136,1,0,1,0
4442,"3,5513",16,43,1849,1,0,1,0
4443,"3,5149",16,40,1600,1,0,1,0
4444,"3,4459",10,42,1764,1,0,1,0
4445,"3,2918",5,45,2025,0,0,1,0
4446,"3,9120",16,38,1444,1,0,1,0
4447,"3,7297",12,55,3025,1,0,1,0
4448,"3,6119",10,24,576,1,1,0,0
4449,"3,6766",9,42,1764,1,0,1,0
4450,"3,9445",16,30,900,1,0,1,0
4451,"3,8739",16,35,1225,1,0,1,0
4452,"3,8514",9,46,2116,1,0,1,0
4453,"3,8079",12,44,1936,1,0,1,0
4454,"3,7869",12,54,2916,1,0,1,0
4455,"3,7869",10,48,2304,1,0,1,0
4456,"3,7869",9,56,3136,0,0,1,0
4457,"3,7068",10,42,1764,1,0,1,0
4458,"3,6691",16,33,1089,1,0,1,0
4459,"3,5309",12,19,361,0,1,0,0
4460,"4,1858",16,46,2116,1,0,1,1
4461,"3,6178",16,48,2304,1,0,1,0
4462,"4,0543",10,35,1225,1,0,1,0
4463,"4,3622",16,40,1600,1,0,1,1
4464,"4,2977",10,42,1764,1,0,1,0
4465,"4,1799",16,36,1296,1,0,0,0
4466,"4,0745",16,38,1444,1,0,1,0
4467,"3,9568",16,23,529,1,1,0,0
4468,"3,9348",16,53,2809,1,0,1,0
4469,"3,9348",16,55,3025,1,0,1,0
4470,"3,8922",16,21,441,1,1,0,0
4471,"3,8922",16,26,676,1,1,0,1
4472,"3,8922",9,58,3364,1,0,1,0
4473,"3,8922",16,23,529,1,1,0,0
4474,"3,8922",16,27,729,1,1,0,0
4475,"3,8922",16,38,1444,1,0,1,0
4476,"3,8922",16,30,900,1,1,0,0
4477,"3,7381",16,40,1600,1,0,1,0
4478,"3,7030",16,44,1936,1,0,1,0
4479,"3,6859",12,45,2025,1,0,1,0
4480,"3,6691",16,38,1444,1,0,1,0
4481,"3,5149",16,30,900,1,1,0,0
4482,"3,4868",12,29,841,1,0,1,0
4483,"4,3930",16,29,841,1,1,0,0
4484,"3,5821",16,25,625,1,1,0,0
4485,"4,6499",16,35,1225,0,0,1,0
4486,"4,5445",16,30,900,1,0,1,1
4487,"4,2569",16,42,1764,1,0,1,0
4488,"4,1171",16,26,676,1,0,1,0
4489,"4,1171",16,24,576,1,1,0,0
4490,"4,1171",16,20,400,1,0,1,0
4491,"4,1171",16,30,900,1,1,0,0
4492,"4,0956",16,28,784,1,1,0,0
4493,"4,0745",16,32,1024,1,0,1,0
4494,"3,8514",16,27,729,1,0,1,0
4495,"3,7116",16,29,841,1,0,1,0
4496,"3,5149",16,29,841,1,0,1,0
4497,"3,9976",16,46,2116,1,0,1,0
4498,"4,2416",16,42,1764,1,0,1,0
4499,"4,1971",16,28,784,1,1,0,0
4500,"4,1546",9,41,1681,1,0,1,0
4501,"4,1546",16,50,2500,1,0,1,0
4502,"4,4623",16,43,1849,1,0,1,0
4503,"4,4110",16,37,1369,1,0,1,0
4504,"4,3157",16,42,1764,0,0,1,0
4505,"4,2497",16,38,1444,1,0,1,0
4506,"4,2287",16,24,576,1,1,0,0
4507,"4,1109",12,60,3600,1,0,1,0
4508,"4,1109",16,40,1600,1,0,1,0
4509,"4,4800",16,41,1681,1,0,1,0
4510,"4,4800",16,41,1681,1,0,1,0
4511,"4,3847",16,36,1296,1,0,1,0
4512,"4,3622",16,38,1444,1,0,1,0
4513,"4,3622",16,35,1225,1,0,1,0
4514,"4,3402",10,26,676,1,1,0,0
4515,"4,2977",16,30,900,1,0,1,0
4516,"4,2977",10,30,900,1,0,1,0
4517,"4,2977",16,47,2209,1,0,1,0
4518,"4,2371",16,27,729,1,0,1,0
4519,"4,1799",16,40,1600,1,0,1,0
4520,"4,0745",10,31,961,1,0,1,0
4521,"4,0745",16,30,900,1,1,0,1
4522,"3,8922",16,30,900,1,0,1,0
4523,"4,4492",16,36,1296,1,1,0,0
4524,"4,4492",16,34,1156,0,0,1,0
4525,"4,4492",16,32,1024,1,0,1,0
4526,"4,4048",16,46,2116,1,0,1,0
4527,"4,3622",16,45,2025,1,0,1,0
4528,"4,3622",16,38,1444,1,0,1,0
4529,"4,2444",16,39,1521,1,0,1,0
4530,"4,2081",16,28,784,1,1,0,0
4531,"4,1391",16,40,1600,1,0,1,0
4532,"4,3051",16,24,576,1,1,0,0
4533,"4,1997",16,35,1225,1,0,1,0
4534,"4,4944",16,48,2304,1,0,1,0
4535,"4,8855",16,24,576,1,1,0,0
4536,"4,6623",16,44,1936,1,0,1,0
4537,"4,5445",16,29,841,1,1,0,0
4538,"4,4800",16,42,1764,1,0,1,0
4539,"4,4800",16,58,3364,1,0,1,0
4540,"4,4392",5,42,1764,1,0,1,0
4541,"4,4392",16,28,784,1,1,0,0
4542,"4,4163",16,32,1024,1,0,1,0
4543,"4,7677",16,38,1444,1,0,1,0
4544,"4,7189",16,53,2809,1,0,1,0
4545,"4,6279",5,34,1156,1,0,1,0
4546,"4,5854",16,35,1225,1,0,1,0
4547,"4,5854",16,31,961,1,0,1,0
4548,"4,0745",16,45,2025,1,0,1,0
4549,"4,6807",16,32,1024,1,0,1,1
4550,"4,8121",16,38,1444,1,0,1,0
4551,"4,3478",16,55,3025,1,0,1,0
4552,"5,2140",16,25,625,1,1,0,0
4553,"5,0962",16,30,900,1,0,1,0
4554,"4,8085",16,46,2116,1,0,1,0
4555,"4,8418",16,40,1600,1,0,1,0
4556,"4,9908",16,59,3481,1,0,1,0
4557,"5,0554",16,31,961,1,0,1,0
4558,"5,3273",16,35,1225,1,1,0,1
4559,"5,1450",16,41,1681,1,0,1,0
4560,"5,6840",16,55,3025,1,0,1,0
4561,"1,3665",10,20,400,1,1,0,1
4562,"1,6542",10,20,400,1,1,0,1
4563,"1,3500",12,17,289,1,1,0,0
4564,"1,3947",5,45,2025,0,1,0,0
4565,"2,1286",5,20,400,0,0,1,0
4566,"2,5705",10,22,484,0,1,0,0
4567,"2,1467",5,38,1444,0,0,1,0
4568,"2,1286",9,32,1024,0,0,1,0
4569,"2,0268",5,36,1296,0,0,1,0
4570,"2,1889",12,22,484,0,1,0,0
4571,"2,6395",12,37,1369,1,0,1,0
4572,"2,5929",12,46,2116,1,0,0,1
4573,"2,5059",12,60,3600,1,0,1,0
4574,"2,5059",9,20,400,1,1,0,0
4575,"2,3766",5,30,900,0,0,1,0
4576,"2,9351",12,35,1225,1,0,1,0
4577,"3,0331",12,24,576,0,1,0,0
4578,"2,9759",16,25,625,1,1,0,0
4579,"2,7753",12,28,784,0,0,1,0
4580,"2,7308",16,26,676,0,1,0,0
4581,"2,7308",9,45,2025,1,0,1,0
4582,"2,6082",12,45,2025,0,0,1,0
4583,"2,3851",9,45,2025,0,0,1,0
4584,"3,4051",16,40,1600,1,0,1,0
4585,"2,6658",5,23,529,1,1,0,0
4586,"2,8134",5,41,1681,1,0,1,1
4587,"3,3124",16,27,729,1,0,1,0
4588,"3,0247",12,30,900,1,0,1,0
4589,"2,9294",12,35,1225,1,0,1,0
4590,"2,8635",5,52,2704,0,0,1,0
4591,"2,4651",10,30,900,1,0,1,0
4592,"3,0582",5,36,1296,1,0,1,0
4593,"3,2636",16,23,529,1,1,0,0
4594,"3,2636",16,29,841,1,0,1,0
4595,"3,0629",10,23,529,1,1,0,0
4596,"3,0185",5,58,3364,1,0,1,0
4597,"2,6727",16,26,676,1,1,0,0
4598,"2,8706",5,40,1600,1,0,1,0
4599,"3,0483",12,21,441,1,1,0,0
4600,"2,9305",5,27,729,1,1,0,0
4601,"3,0937",5,40,1600,1,0,1,0
4602,"3,3814",10,37,1369,0,0,1,0
4603,"3,2861",12,35,1225,0,0,1,0
4604,"3,0813",16,24,576,1,1,0,1
4605,"3,2383",16,35,1225,1,0,1,0
4606,"3,3730",12,21,441,0,1,0,0
4607,"3,4684",16,29,841,1,1,0,1
4608,"2,6882",10,27,729,1,0,1,0
4609,"3,4555",10,44,1936,0,0,1,0
4610,"3,4365",5,30,900,0,0,1,0
4611,"3,7336",16,36,1296,1,0,1,0
4612,"3,6691",16,29,841,1,1,0,0
4613,"3,9348",10,32,1024,1,0,1,0
4614,"5,1534",16,40,1600,1,0,0,0
4615,"-1,4061",9,18,324,0,1,0,0
4616,"-1,4861",5,18,324,1,1,0,0
4617,"-0,9725",5,33,1089,0,0,1,0
4618,"-0,7129",5,40,1600,1,0,1,1
4619,"-0,0606",5,18,324,1,1,0,1
4620,"-0,5306",5,16,256,0,1,0,0
4621,"0,2610",5,38,1444,0,0,1,1
4622,"1,9055",5,20,400,1,0,1,1
4623,"0,9610",9,24,576,0,1,0,1
4624,"0,5192",5,50,2500,1,0,1,1
4625,"0,4841",12,25,625,1,1,0,0
4626,"-0,2595",5,14,196,1,1,0,1
4627,"0,7423",5,20,400,0,0,1,1
4628,"0,5482",9,40,1600,0,0,1,1
4629,"0,1625",12,28,784,0,1,0,0
4630,"-0,0030",12,18,324,1,1,0,0
4631,"2,3110",5,51,2601,1,0,1,1
4632,"0,8557",5,38,1444,0,0,1,1
4633,"0,8557",5,15,225,0,1,0,0
4634,"0,6459",5,20,400,0,1,0,1
4635,"0,5680",5,36,1296,1,0,1,0
4636,"0,5192",5,22,484,0,0,1,1
4637,"0,5192",5,14,196,0,1,0,1
4638,"0,4957",5,35,1225,1,0,0,1
4639,"0,3857",5,21,441,1,0,1,0
4640,"0,3650",5,55,3025,0,0,1,1
4641,"0,3056",12,43,1849,1,0,1,0
4642,"0,3056",5,16,256,1,1,0,1
4643,"0,2679",5,16,256,0,1,0,0
4644,"0,2315",5,41,1681,0,0,1,1
4645,"0,6444",5,56,3136,0,0,1,1
4646,"2,0596",5,18,324,1,1,0,0
4647,"1,2123",5,25,625,1,0,1,1
4648,"1,2123",5,42,1764,1,0,1,1
4649,"1,0788",5,30,900,1,0,1,0
4650,"1,0480",12,26,676,1,1,0,1
4651,"0,9610",16,22,484,1,1,0,0
4652,"0,9070",5,22,484,0,1,0,1
4653,"0,8810",9,14,196,1,1,0,1
4654,"0,6733",9,17,289,0,1,0,0
4655,"0,5933",12,33,1089,1,0,1,0
4656,"0,5556",5,15,225,0,1,0,0
4657,"0,4502",5,40,1600,1,0,1,1
4658,"0,7221",5,30,900,1,0,1,0
4659,"0,6044",5,22,484,0,1,0,0
4660,"1,4843",5,20,400,0,1,0,1
4661,"1,2401",5,60,3600,1,0,1,0
4662,"1,4355",5,18,324,0,1,0,1
4663,"1,4004",12,30,900,1,1,0,1
4664,"1,3337",5,39,1521,0,0,1,1
4665,"1,2413",12,22,484,1,1,0,1
4666,"1,2413",12,22,484,1,1,0,1
4667,"1,2413",5,38,1444,1,0,0,1
4668,"1,2123",12,19,361,0,1,0,1
4669,"1,2123",5,17,289,1,1,0,1
4670,"1,2123",12,17,289,0,1,0,1
4671,"1,2123",12,22,484,0,1,0,1
4672,"1,2123",10,19,361,1,1,0,1
4673,"1,1842",12,21,441,0,1,0,1
4674,"1,1842",5,45,2025,1,0,1,1
4675,"1,1568",5,45,2025,0,0,1,1
4676,"1,0788",5,16,256,1,1,0,0
4677,"1,0300",5,17,289,1,1,0,1
4678,"0,9390",5,32,1024,1,0,1,1
4679,"0,8965",12,29,841,1,1,0,0
4680,"0,8965",16,20,400,1,1,0,1
4681,"0,8965",12,16,256,1,1,0,1
4682,"0,7787",5,34,1156,0,1,0,0
4683,"0,7423",5,40,1600,0,0,1,0
4684,"0,7423",5,19,361,0,0,1,0
4685,"0,7423",5,16,256,1,1,0,0
4686,"0,7072",9,18,324,0,1,0,0
4687,"0,5192",5,35,1225,0,0,1,0
4688,"0,5192",5,14,196,1,1,0,1
4689,"0,4910",12,35,1225,1,0,1,0
4690,"0,3369",5,15,225,1,1,0,0
4691,"0,3369",5,40,1600,1,0,1,0
4692,"1,7720",5,34,1156,1,0,1,1
4693,"1,5827",12,21,441,1,1,0,1
4694,"1,5827",5,45,2025,0,0,0,1
4695,"1,5488",5,39,1521,1,0,1,1
4696,"1,5160",12,18,324,1,1,0,0
4697,"1,3947",12,20,400,0,1,0,1
4698,"1,3947",12,30,900,0,1,0,1
4699,"1,3665",5,24,576,0,1,0,1
4700,"1,2611",5,16,256,0,1,0,1
4701,"1,2611",5,19,361,0,1,0,1
4702,"1,2123",5,20,400,0,1,0,1
4703,"1,1888",5,35,1225,1,0,0,1
4704,"1,1658",12,18,324,1,1,0,1
4705,"1,0999",5,16,256,1,0,1,1
4706,"1,0788",5,15,225,0,1,0,0
4707,"1,0788",5,15,225,1,1,0,0
4708,"1,0788",12,35,1225,0,0,1,0
4709,"0,9610",5,15,225,0,1,0,0
4710,"0,9247",5,18,324,0,1,0,0
4711,"0,8557",5,19,361,0,1,0,0
4712,"0,7015",5,35,1225,0,0,1,0
4713,"0,7015",9,16,256,0,1,0,0
4714,"2,1597",5,25,625,1,0,1,1
4715,"2,0131",12,17,289,0,1,0,1
4716,"1,8461",5,18,324,0,1,0,1
4717,"1,8461",9,14,196,0,1,0,1
4718,"1,7720",5,32,1024,1,0,1,1
4719,"1,7720",5,41,1681,1,0,1,1
4720,"1,7369",10,23,529,1,1,0,1
4721,"1,6384",5,18,324,0,1,0,1
4722,"1,5778",5,18,324,0,1,0,0
4723,"1,5778",9,14,196,1,1,0,1
4724,"1,5488",5,17,289,0,1,0,1
4725,"1,5488",5,45,2025,0,0,1,0
4726,"1,5206",9,19,361,0,1,0,1
4727,"1,4932",5,14,196,0,1,0,1
4728,"1,4406",12,16,256,1,1,0,1
4729,"1,3906",5,18,324,0,1,0,1
4730,"1,3665",5,17,289,0,1,0,0
4731,"1,3665",5,40,1600,0,0,1,1
4732,"1,3665",12,18,324,1,1,0,1
4733,"1,3665",5,35,1225,1,0,1,1
4734,"1,3200",10,20,400,0,1,0,1
4735,"1,2123",5,40,1600,1,0,1,1
4736,"1,1921",5,37,1369,1,0,1,1
4737,"1,1723",5,20,400,1,1,0,1
4738,"1,1529",5,18,324,0,1,0,0
4739,"1,1529",5,19,361,1,1,0,0
4740,"1,0968",10,20,400,1,1,0,1
4741,"1,0788",5,22,484,1,0,1,0
4742,"1,0788",5,54,2916,0,0,1,1
4743,"1,0098",5,16,256,0,1,0,0
4744,"1,0098",5,19,361,1,1,0,0
4745,"0,9610",5,18,324,0,1,0,0
4746,"1,1811",5,22,484,1,1,0,0
4747,"2,1932",5,30,900,1,0,1,1
4748,"2,1467",10,20,400,1,1,0,1
4749,"1,9055",5,54,2916,0,0,0,1
4750,"1,8704",12,22,484,0,1,0,1
4751,"1,8704",16,22,484,1,1,0,1
4752,"1,7113",12,22,484,0,1,0,1
4753,"1,7113",10,20,400,0,1,0,1
4754,"1,6542",16,26,676,1,1,0,1
4755,"1,6542",5,18,324,0,1,0,1
4756,"1,6001",10,21,441,0,1,0,1
4757,"1,6001",5,26,676,1,0,1,0
4758,"1,5741",12,18,324,1,1,0,1
4759,"1,5741",10,19,361,1,1,0,1
4760,"1,5000",5,15,225,0,1,0,0
4761,"1,5000",5,45,2025,1,0,0,1
4762,"1,4535",10,24,576,0,1,0,1
4763,"1,4310",5,14,196,0,1,0,0
4764,"1,3665",10,22,484,1,1,0,1
4765,"1,3665",10,24,576,0,1,0,1
4766,"1,3459",5,14,196,1,1,0,0
4767,"1,3257",5,60,3600,1,0,0,1
4768,"1,2123",5,35,1225,1,0,1,0
4769,"1,1772",5,16,256,0,1,0,0
4770,"1,1433",9,20,400,1,1,0,0
4771,"1,1433",12,22,484,0,1,0,0
4772,"1,1268",5,19,361,1,0,1,0
4773,"1,1268",5,30,900,0,0,1,1
4774,"1,0480",5,16,256,0,1,0,0
4775,"0,9892",5,16,256,1,1,0,0
4776,"0,8557",5,38,1444,1,0,1,1
4777,"0,7379",5,16,256,0,1,0,1
4778,"1,0026",5,22,484,0,1,0,0
4779,"2,0233",5,14,196,1,1,0,0
4780,"1,8291",12,46,2116,1,0,0,1
4781,"1,8291",16,25,625,0,1,0,1
4782,"1,7720",10,21,441,1,0,1,1
4783,"1,7179",5,16,256,0,1,0,1
4784,"1,6666",12,20,400,0,1,0,0
4785,"1,5488",10,19,361,0,1,0,1
4786,"1,4843",12,21,441,1,1,0,0
4787,"1,4435",12,26,676,0,1,0,0
4788,"1,4237",5,15,225,0,1,0,0
4789,"1,3301",5,14,196,0,1,0,0
4790,"1,3301",5,15,225,1,1,0,0
4791,"1,1070",5,15,225,0,1,0,0
4792,"1,1070",5,42,1764,1,0,1,0
4793,"1,1070",5,22,484,0,0,1,1
4794,"1,5914",16,22,484,1,1,0,0
4795,"2,5705",16,23,529,1,1,0,1
4796,"2,5705",5,30,900,1,0,1,1
4797,"2,4163",5,45,2025,1,0,1,1
4798,"2,2828",10,60,3600,1,0,1,0
4799,"2,2828",5,40,1600,1,0,0,1
4800,"2,1286",5,58,3364,1,0,0,1
4801,"2,0935",5,19,361,1,1,0,1
4802,"2,0596",5,28,784,1,0,1,1
4803,"2,0268",5,52,2704,1,0,1,1
4804,"1,9345",10,19,361,1,1,0,1
4805,"1,9055",5,48,2304,1,0,1,1
4806,"1,9055",16,23,529,1,1,0,1
4807,"1,9055",10,20,400,1,0,1,0
4808,"1,9055",5,27,729,1,0,1,1
4809,"1,9055",5,28,784,1,0,1,1
4810,"1,9055",5,50,2500,1,0,1,1
4811,"1,8773",5,15,225,0,1,0,0
4812,"1,8773",5,33,1089,1,0,1,1
4813,"1,8773",5,46,2116,1,0,0,1
4814,"1,8773",5,28,784,1,0,1,1
4815,"1,8773",5,38,1444,1,0,1,1
4816,"1,7973",12,50,2500,0,0,1,0
4817,"1,7973",12,22,484,1,1,0,1
4818,"1,7973",10,20,400,1,1,0,1
4819,"1,7720",5,35,1225,0,0,1,0
4820,"1,7720",9,19,361,1,1,0,1
4821,"1,7720",16,22,484,1,1,0,1
4822,"1,7232",9,48,2304,0,0,1,0
4823,"1,7232",5,16,256,0,1,0,0
4824,"1,7232",5,24,576,0,1,0,1
4825,"1,7232",5,18,324,1,1,0,0
4826,"1,7232",10,18,324,0,1,0,1
4827,"1,7232",5,47,2209,0,0,0,1
4828,"1,7232",5,32,1024,1,0,1,1
4829,"1,6766",12,28,784,1,1,0,1
4830,"1,6766",12,16,256,0,1,0,0
4831,"1,6542",10,18,324,0,1,0,1
4832,"1,6322",5,35,1225,0,0,1,0
4833,"1,6107",5,15,225,0,1,0,0
4834,"1,5896",9,18,324,1,1,0,0
4835,"1,5896",5,14,196,1,1,0,0
4836,"1,5896",5,16,256,1,1,0,0
4837,"1,5896",5,17,289,1,1,0,0
4838,"1,5896",5,16,256,1,1,0,0
4839,"1,5896",12,17,289,1,1,0,0
4840,"1,5896",12,21,441,1,1,0,0
4841,"1,5896",12,20,400,0,1,0,0
4842,"1,5896",12,19,361,1,1,0,0
4843,"1,5896",10,24,576,1,1,0,1
4844,"1,5896",12,18,324,1,1,0,0
4845,"1,5690",5,22,484,1,0,1,0
4846,"1,5488",9,19,361,1,1,0,0
4847,"1,5290",5,30,900,1,0,1,0
4848,"1,5096",5,20,400,1,1,0,0
4849,"1,4905",10,24,576,1,1,0,0
4850,"1,4719",5,40,1600,0,1,0,0
4851,"1,4719",9,17,289,0,1,0,0
4852,"1,4719",5,22,484,0,0,1,0
4853,"1,4719",9,15,225,0,1,0,0
4854,"1,4719",10,21,441,0,1,0,0
4855,"1,4535",9,19,361,0,1,0,0
4856,"1,4355",5,23,529,0,1,0,0
4857,"1,4355",5,19,361,0,1,0,0
4858,"1,4355",5,19,361,0,1,0,0
4859,"1,4355",5,18,324,1,1,0,0
4860,"1,4355",9,16,256,1,1,0,0
4861,"1,4355",5,32,1024,1,0,1,0
4862,"1,4355",5,60,3600,1,0,1,1
4863,"1,4178",5,20,400,1,1,0,0
4864,"1,4004",5,15,225,0,1,0,0
4865,"1,3665",5,40,1600,1,0,1,0
4866,"1,3665",5,20,400,1,1,0,0
4867,"1,3665",5,15,225,1,1,0,0
4868,"1,3665",5,17,289,1,1,0,0
4869,"1,3665",5,16,256,1,1,0,0
4870,"1,3665",5,15,225,1,1,0,0
4871,"1,2712",5,34,1156,0,0,1,0
4872,"1,2413",5,15,225,1,1,0,0
4873,"1,2123",5,40,1600,0,0,1,0
4874,"1,2123",5,36,1296,0,0,1,0
4875,"1,2123",5,48,2304,0,0,1,0
4876,"1,2123",5,18,324,1,1,0,0
4877,"1,2123",5,16,256,0,1,0,0
4878,"1,2123",5,50,2500,0,0,1,0
4879,"1,2123",5,30,900,0,1,0,0
4880,"1,1842",5,45,2025,0,1,0,0
4881,"1,1842",5,17,289,1,1,0,0
4882,"1,1842",12,24,576,1,1,0,0
4883,"1,1041",9,16,256,1,1,0,0
4884,"1,0541",5,18,324,0,1,0,0
4885,"1,0300",5,24,576,0,1,0,0
4886,"1,0300",5,14,196,0,1,0,0
4887,"1,0300",5,42,1764,0,0,1,0
4888,"1,0300",5,18,324,0,1,0,0
4889,"1,4153",5,40,1600,1,1,0,0
4890,"1,6905",5,15,225,0,1,0,0
4891,"2,1889",10,22,484,1,1,0,1
4892,"2,1889",16,20,400,1,1,0,1
4893,"2,0596",10,35,1225,1,0,1,1
4894,"2,0008",5,15,225,1,1,0,1
4895,"1,9452",5,19,361,0,1,0,1
4896,"1,9186",5,25,625,0,0,1,1
4897,"1,8185",9,18,324,1,1,0,0
4898,"1,8185",5,45,2025,1,0,1,1
4899,"1,8185",5,48,2304,1,0,0,1
4900,"1,7720",16,24,576,1,1,0,1
4901,"1,5308",5,14,196,0,1,0,0
4902,"1,5308",10,22,484,1,1,0,0
4903,"1,3818",5,18,324,1,1,0,0
4904,"1,3077",5,30,900,0,0,1,0
4905,"3,6972",5,52,2704,1,0,1,1
4906,"2,5521",10,20,400,0,1,0,1
4907,"2,4651",9,17,289,1,1,0,0
4908,"2,4651",9,22,484,1,1,0,0
4909,"2,3851",5,26,676,0,1,0,0
4910,"2,3851",5,47,2209,1,0,0,1
4911,"2,3110",5,18,324,0,1,0,1
4912,"2,3110",5,60,3600,1,0,0,1
4913,"2,3110",5,47,2209,1,0,1,1
4914,"2,2420",9,19,361,0,1,0,1
4915,"2,2420",16,21,441,1,1,0,1
4916,"2,1774",5,15,225,1,1,0,1
4917,"2,1774",5,17,289,1,1,0,1
4918,"2,0596",9,16,256,1,1,0,0
4919,"2,0596",12,18,324,1,1,0,0
4920,"2,0596",12,25,625,1,0,1,0
4921,"2,0596",10,24,576,1,1,0,1
4922,"2,0596",5,18,324,1,1,0,0
4923,"2,0322",5,60,3600,0,0,1,0
4924,"1,9796",5,16,256,1,1,0,0
4925,"1,9543",5,20,400,1,1,0,0
4926,"1,9543",16,24,576,0,1,0,1
4927,"1,9543",16,23,529,0,0,1,0
4928,"1,9296",9,18,324,1,1,0,1
4929,"1,9055",5,15,225,1,1,0,0
4930,"1,9055",9,20,400,1,1,0,0
4931,"1,9055",5,42,1764,1,0,1,1
4932,"1,9055",5,33,1089,1,0,1,1
4933,"1,8365",5,15,225,1,1,0,0
4934,"1,8365",5,50,2500,1,0,1,0
4935,"1,8365",12,17,289,1,1,0,0
4936,"1,8145",5,18,324,1,1,0,0
4937,"1,8145",5,15,225,1,1,0,0
4938,"1,8145",5,42,1764,1,0,1,0
4939,"1,7930",5,14,196,1,0,1,1
4940,"1,7720",5,15,225,0,1,0,0
4941,"1,7720",5,15,225,1,1,0,0
4942,"1,7720",5,15,225,0,1,0,0
4943,"1,7720",5,40,1600,1,0,1,0
4944,"1,7720",5,28,784,0,0,1,0
4945,"1,7720",5,18,324,1,1,0,0
4946,"1,7720",5,25,625,1,1,0,0
4947,"1,7720",5,22,484,1,1,0,0
4948,"1,7720",5,18,324,1,0,0,0
4949,"1,7311",5,15,225,0,1,0,0
4950,"1,7311",5,14,196,1,1,0,0
4951,"1,7113",5,25,625,1,1,0,0
4952,"1,7113",5,30,900,1,1,0,0
4953,"1,6919",5,15,225,0,1,0,0
4954,"1,6919",12,18,324,0,1,0,0
4955,"1,6919",12,19,361,1,1,0,0
4956,"1,6729",9,20,400,0,1,0,0
4957,"1,6542",5,20,400,0,1,0,0
4958,"1,6542",5,19,361,1,0,1,1
4959,"1,6358",5,20,400,0,1,0,0
4960,"1,6178",5,30,900,0,1,0,1
4961,"1,5827",9,15,225,0,1,0,0
4962,"1,5656",5,46,2116,0,0,1,0
4963,"1,5656",5,16,256,1,1,0,0
4964,"1,5656",5,38,1444,1,0,1,1
4965,"1,5488",5,45,2025,0,0,1,0
4966,"1,5488",5,54,2916,0,0,1,0
4967,"1,5488",5,14,196,1,1,0,0
4968,"1,5488",5,36,1296,1,0,1,0
4969,"1,5488",12,16,256,1,1,0,0
4970,"1,5000",5,18,324,0,1,0,0
4971,"1,4237",5,18,324,0,1,0,0
4972,"1,3947",5,20,400,0,1,0,0
4973,"1,3947",5,22,484,0,0,1,0
4974,"1,3947",5,32,1024,0,0,1,0
4975,"1,3947",12,18,324,0,1,0,0
4976,"1,3947",5,35,1225,0,0,0,0
4977,"1,3805",5,20,400,0,0,1,0
4978,"1,2611",5,30,900,0,0,1,0
4979,"1,2123",5,28,784,0,0,1,0
4980,"1,2123",12,28,784,0,1,0,0
4981,"1,2123",5,16,256,1,1,0,0
4982,"1,2123",5,22,484,0,1,0,0
4983,"1,4112",5,18,324,1,1,0,0
4984,"1,9463",5,17,289,1,1,0,0
4985,"1,8773",5,16,256,1,1,0,0
4986,"1,7720",5,50,2500,0,0,0,0
4987,"1,6950",5,15,225,0,1,0,0
4988,"1,5896",5,18,324,0,1,0,0
4989,"1,5408",5,16,256,0,1,0,0
4990,"5,7232",5,19,361,0,0,1,1
4991,"2,3220",5,36,1296,1,0,1,1
4992,"2,1679",5,45,2025,0,0,1,1
4993,"2,0856",5,31,961,1,0,1,0
4994,"2,0343",5,25,625,0,1,0,0
4995,"1,9855",5,50,2500,1,0,1,1
4996,"1,9390",16,24,576,1,1,0,1
4997,"1,9165",12,26,676,1,0,1,0
4998,"1,8946",10,31,961,1,0,1,0
4999,"1,8520",5,25,625,1,1,0,0
5000,"1,8520",9,19,361,0,1,0,0
5001,"1,8520",5,14,196,0,1,0,0
5002,"1,8520",5,24,576,1,1,0,0
5003,"1,8520",5,23,529,1,1,0,0
5004,"1,5961",5,25,625,0,0,1,0
5005,"1,5643",5,50,2500,1,0,1,0
5006,"1,5488",5,15,225,0,1,0,0
5007,"1,4747",5,42,1764,0,0,1,0
5008,"1,4747",5,52,2704,0,0,1,0
5009,"1,4747",5,22,484,0,1,0,0
5010,"1,9261",5,28,784,0,1,0,0
5011,"1,9261",5,18,324,0,1,0,0
5012,"1,8083",5,18,324,0,1,0,0
5013,"1,8083",5,15,225,0,1,0,0
5014,"1,7720",5,14,196,1,1,0,0
5015,"1,7720",5,19,361,0,1,0,0
5016,"1,7720",5,14,196,1,1,0,0
5017,"1,7369",5,25,625,1,1,0,0
5018,"1,7030",12,28,784,1,1,0,0
5019,"1,6542",5,16,256,1,1,0,0
5020,"1,5488",5,20,400,0,1,0,0
5021,"1,5488",5,40,1600,1,0,0,1
5022,"1,4406",5,18,324,1,1,0,0
5023,"1,9612",5,34,1156,1,0,1,1
5024,"1,9406",5,16,256,1,1,0,0
5025,"2,8706",9,18,324,0,1,0,0
5026,"2,7753",5,23,529,0,0,1,0
5027,"2,6882",9,23,529,1,1,0,0
5028,"2,5705",5,26,676,1,0,1,0
5029,"2,4990",5,57,3249,0,0,1,0
5030,"2,4990",16,25,625,1,1,0,1
5031,"2,4651",5,22,484,1,1,0,1
5032,"2,3399",16,25,625,0,1,0,1
5033,"2,3110",5,18,324,0,1,0,1
5034,"2,3110",16,25,625,1,1,0,1
5035,"2,3110",5,33,1089,1,1,0,1
5036,"2,2828",16,45,2025,1,0,1,0
5037,"2,2828",16,21,441,1,1,0,1
5038,"2,2828",16,23,529,1,1,0,1
5039,"2,2828",16,27,729,1,1,0,0
5040,"2,2828",12,15,225,1,1,0,1
5041,"2,2554",5,21,441,0,0,1,0
5042,"2,2287",12,17,289,1,1,0,0
5043,"2,2027",12,25,625,1,1,0,1
5044,"2,2027",10,19,361,1,1,0,1
5045,"2,1774",5,22,484,0,0,1,0
5046,"2,1774",16,25,625,0,1,0,1
5047,"2,1774",16,32,1024,0,0,1,1
5048,"2,1774",5,16,256,1,1,0,0
5049,"2,1774",9,18,324,1,1,0,0
5050,"2,1527",5,38,1444,1,0,1,1
5051,"2,1286",5,15,225,1,1,0,0
5052,"2,1286",5,20,400,1,1,0,0
5053,"2,1286",5,18,324,0,1,0,0
5054,"2,1286",9,18,324,1,1,0,0
5055,"2,1286",9,28,784,0,0,1,0
5056,"2,1286",5,20,400,1,1,0,1
5057,"2,1286",5,20,400,1,1,0,0
5058,"2,1286",5,41,1681,1,0,1,1
5059,"2,0821",5,18,324,1,1,0,0
5060,"2,0821",10,22,484,0,1,0,0
5061,"2,0821",10,23,529,0,0,1,0
5062,"2,0821",16,26,676,1,1,0,1
5063,"2,0821",10,22,484,1,1,0,0
5064,"2,0596",5,47,2209,0,0,1,0
5065,"2,0596",5,45,2025,0,0,1,1
5066,"2,0377",5,44,1936,1,0,1,0
5067,"2,0377",5,25,625,1,1,0,0
5068,"2,0377",12,17,289,1,1,0,0
5069,"2,0377",12,37,1369,0,0,1,0
5070,"2,0162",16,26,676,1,1,0,0
5071,"2,0162",9,27,729,1,0,1,0
5072,"1,9951",5,16,256,0,1,0,0
5073,"1,9951",5,18,324,0,1,0,0
5074,"1,9951",5,32,1024,0,0,1,0
5075,"1,9951",5,42,1764,0,0,1,0
5076,"1,9951",5,18,324,1,1,0,0
5077,"1,9951",5,31,961,1,0,1,0
5078,"1,9951",5,32,1024,1,0,1,1
5079,"1,9951",5,18,324,1,1,0,0
5080,"1,9951",12,24,576,1,1,0,0
5081,"1,9951",5,17,289,1,1,0,0
5082,"1,9951",12,22,484,0,1,0,0
5083,"1,9951",12,30,900,1,0,1,0
5084,"1,9951",12,30,900,1,1,0,0
5085,"1,9951",5,50,2500,1,0,0,0
5086,"1,9951",5,17,289,0,1,0,0
5087,"1,9951",12,21,441,1,1,0,0
5088,"1,9951",12,18,324,1,1,0,0
5089,"1,9951",5,16,256,1,1,0,0
5090,"1,9951",5,22,484,0,1,0,0
5091,"1,9951",12,18,324,1,1,0,0
5092,"1,9745",5,42,1764,0,0,1,1
5093,"1,9745",9,22,484,0,1,0,0
5094,"1,9745",16,24,576,1,1,0,0
5095,"1,9543",5,30,900,1,0,1,1
5096,"1,9543",5,18,324,1,1,0,0
5097,"1,9543",5,23,529,1,1,0,0
5098,"1,9543",5,40,1600,1,0,1,0
5099,"1,9543",5,14,196,1,1,0,0
5100,"1,9543",5,47,2209,0,0,1,0
5101,"1,9151",5,15,225,0,1,0,1
5102,"1,9151",12,17,289,0,1,0,0
5103,"1,9151",10,21,441,1,1,0,0
5104,"1,9151",5,45,2025,0,0,1,0
5105,"1,9151",12,21,441,1,1,0,0
5106,"1,8960",5,20,400,1,1,0,0
5107,"1,8960",5,23,529,1,0,1,0
5108,"1,8960",12,60,3600,1,0,1,0
5109,"1,8960",5,18,324,1,1,0,0
5110,"1,8960",5,18,324,0,1,0,0
5111,"1,8773",9,19,361,1,1,0,0
5112,"1,8773",5,22,484,0,1,0,0
5113,"1,8590",5,15,225,0,1,0,0
5114,"1,8409",5,15,225,0,1,0,0
5115,"1,8409",5,17,289,0,1,0,0
5116,"1,8409",5,18,324,0,1,0,0
5117,"1,8409",5,20,400,0,1,0,0
5118,"1,8409",5,40,1600,0,0,1,0
5119,"1,8409",9,40,1600,0,0,1,0
5120,"1,8409",5,60,3600,0,0,1,0
5121,"1,8409",5,19,361,0,1,0,0
5122,"1,8409",12,24,576,1,1,0,0
5123,"1,8409",5,14,196,1,1,0,0
5124,"1,8409",5,27,729,0,0,1,0
5125,"1,8409",5,20,400,1,1,0,1
5126,"1,8409",5,40,1600,0,0,1,0
5127,"1,8233",5,17,289,0,1,0,0
5128,"1,8059",5,22,484,0,0,1,0
5129,"1,8059",12,27,729,1,1,0,0
5130,"1,8059",12,17,289,0,1,0,0
5131,"1,7888",9,22,484,0,1,0,0
5132,"1,7888",9,16,256,0,1,0,0
5133,"1,7888",9,19,361,0,1,0,0
5134,"1,7888",5,20,400,0,0,1,0
5135,"1,7888",5,20,400,1,1,0,0
5136,"1,7720",5,16,256,0,1,0,0
5137,"1,7720",5,19,361,0,1,0,0
5138,"1,7720",5,18,324,0,1,0,0
5139,"1,7720",5,18,324,0,1,0,0
5140,"1,7720",5,27,729,1,1,0,0
5141,"1,7720",5,30,900,1,0,1,0
5142,"1,7720",5,18,324,0,1,0,0
5143,"1,7720",5,35,1225,1,0,1,0
5144,"1,7720",12,17,289,1,1,0,0
5145,"1,7720",12,24,576,1,1,0,0
5146,"1,7720",12,23,529,1,1,0,0
5147,"1,7554",5,30,900,0,0,1,0
5148,"1,7392",5,45,2025,0,0,1,0
5149,"1,7392",12,20,400,0,1,0,0
5150,"1,7232",5,45,2025,0,0,1,0
5151,"1,7074",12,26,676,1,1,0,0
5152,"1,7074",5,25,625,0,0,1,0
5153,"1,6919",5,19,361,0,1,0,0
5154,"1,6919",9,14,196,0,1,0,0
5155,"1,6919",9,31,961,1,0,1,0
5156,"1,6766",5,33,1089,0,0,1,0
5157,"1,6766",5,42,1764,0,0,1,0
5158,"1,6766",5,14,196,1,1,0,0
5159,"1,6766",5,50,2500,1,0,1,0
5160,"1,6766",12,18,324,1,1,0,0
5161,"1,6766",12,20,400,0,1,0,0
5162,"1,6766",12,27,729,1,1,0,0
5163,"1,6766",9,30,900,1,0,1,0
5164,"1,6468",5,38,1444,1,0,1,0
5165,"1,6178",5,40,1600,1,0,1,0
5166,"1,6178",5,25,625,0,0,1,0
5167,"1,6178",5,37,1369,0,0,1,0
5168,"1,6178",5,38,1444,0,0,1,0
5169,"1,6178",5,40,1600,1,0,1,0
5170,"1,6178",9,16,256,1,1,0,0
5171,"1,6178",5,20,400,1,1,0,0
5172,"1,6178",5,30,900,1,0,1,0
5173,"1,5896",5,37,1369,0,0,1,0
5174,"1,5896",5,21,441,1,1,0,0
5175,"1,5225",5,44,1936,0,0,1,0
5176,"1,4355",5,15,225,0,1,0,0
5177,"1,4355",5,33,1089,1,0,1,0
5178,"1,4355",5,30,900,0,0,1,0
5179,"1,4355",12,17,289,1,1,0,0
5180,"1,4355",5,41,1681,0,0,1,0
5181,"1,3890",5,18,324,1,1,0,0
5182,"1,2712",5,25,625,0,1,0,0
5183,"1,6634",5,20,400,1,1,0,0
5184,"2,5296",12,19,361,1,1,0,1
5185,"2,3755",5,21,441,0,1,0,0
5186,"2,3755",5,43,1849,1,0,1,1
5187,"2,3755",5,20,400,1,1,0,1
5188,"2,2933",9,19,361,1,1,0,0
5189,"2,2173",5,22,484,0,1,0,1
5190,"2,0596",5,14,196,0,1,0,0
5191,"2,0596",5,18,324,0,1,0,0
5192,"2,0596",5,28,784,1,0,1,0
5193,"2,0596",5,19,361,1,1,0,0
5194,"2,0596",5,22,484,1,1,0,0
5195,"2,0596",12,23,529,1,1,0,0
5196,"2,0596",5,22,484,0,0,1,0
5197,"2,0596",12,23,529,1,1,0,0
5198,"2,0596",12,25,625,1,1,0,0
5199,"2,0390",5,43,1849,1,0,1,1
5200,"2,0188",9,25,625,0,1,0,0
5201,"1,9419",5,15,225,0,1,0,0
5202,"1,9419",9,21,441,1,1,0,0
5203,"1,9419",5,15,225,0,1,0,0
5204,"1,9055",5,24,576,1,1,0,0
5205,"1,8365",5,19,361,0,1,0,0
5206,"1,8365",12,17,289,1,1,0,0
5207,"1,8365",12,20,400,1,1,0,0
5208,"1,7565",5,17,289,0,1,0,0
5209,"1,7565",5,17,289,1,1,0,0
5210,"1,7412",5,35,1225,0,0,1,0
5211,"1,6967",5,28,784,0,0,1,0
5212,"1,6823",5,60,3600,0,0,0,0
5213,"1,6823",5,33,1089,1,0,1,0
5214,"1,6823",9,19,361,0,1,0,0
5215,"1,6542",5,17,289,0,1,0,0
5216,"2,5604",5,22,484,1,1,0,0
5217,"1,5308",5,27,729,1,1,0,0
5218,"2,0093",5,17,289,0,1,0,0
5219,"2,6593",5,58,3364,1,0,1,0
5220,"2,2538",5,30,900,0,0,1,0
5221,"2,2073",5,22,484,0,1,0,0
5222,"2,2073",10,27,729,1,1,0,0
5223,"2,1628",5,16,256,0,1,0,0
5224,"2,1628",5,14,196,0,1,0,0
5225,"2,1203",5,34,1156,1,0,1,0
5226,"2,0025",12,24,576,1,0,1,0
5227,"2,0025",5,30,900,0,0,1,0
5228,"1,9661",5,30,900,0,0,1,0
5229,"1,9661",5,32,1024,0,0,1,0
5230,"1,9661",5,32,1024,0,0,1,0
5231,"1,9661",9,36,1296,1,0,1,1
5232,"1,9310",5,25,625,1,0,1,0
5233,"1,8971",5,16,256,0,1,0,0
5234,"1,8971",5,19,361,1,1,0,0
5235,"1,8806",5,22,484,1,0,1,0
5236,"1,8483",5,22,484,0,1,0,0
5237,"1,8326",5,28,784,0,0,0,0
5238,"1,8171",5,21,441,1,1,0,0
5239,"1,7148",5,18,324,0,1,0,0
5240,"1,6477",5,16,256,0,1,0,0
5241,"1,5606",5,24,576,0,1,0,0
5242,"1,5606",5,16,256,1,0,1,0
5243,"2,8706",5,27,729,0,0,1,0
5244,"2,8706",16,24,576,1,1,0,0
5245,"2,6474",5,42,1764,1,0,1,1
5246,"2,5829",5,56,3136,0,0,1,1
5247,"2,5223",10,20,400,0,1,0,1
5248,"2,5223",16,26,676,0,1,0,0
5249,"2,5223",16,28,784,0,1,0,0
5250,"2,4933",5,18,324,0,1,0,1
5251,"2,4651",5,18,324,1,1,0,1
5252,"2,4651",16,28,784,1,1,0,1
5253,"2,3351",5,35,1225,0,0,1,0
5254,"2,3110",9,20,400,0,1,0,0
5255,"2,2420",5,35,1225,0,0,1,0
5256,"2,2420",5,22,484,1,1,0,0
5257,"2,2200",5,45,2025,0,0,1,0
5258,"2,2200",5,19,361,0,1,0,0
5259,"2,2200",5,18,324,1,1,0,0
5260,"2,1985",12,26,676,0,0,1,0
5261,"2,1774",5,45,2025,0,0,1,0
5262,"2,1774",5,26,676,0,0,1,0
5263,"2,1774",5,18,324,0,1,0,0
5264,"2,1774",5,30,900,1,0,1,1
5265,"2,1774",9,16,256,0,1,0,0
5266,"2,1774",5,18,324,1,1,0,0
5267,"2,1774",5,19,361,1,1,0,0
5268,"2,1774",5,17,289,0,1,0,0
5269,"2,1774",5,16,256,1,1,0,0
5270,"2,1774",5,15,225,1,1,0,0
5271,"2,1774",12,20,400,1,1,0,0
5272,"2,1774",5,21,441,1,1,0,0
5273,"2,1774",5,25,625,1,0,1,0
5274,"2,1774",12,23,529,1,1,0,0
5275,"2,1774",9,16,256,0,1,0,0
5276,"2,1774",5,14,196,1,1,0,0
5277,"2,1774",9,17,289,1,1,0,0
5278,"2,1774",9,19,361,0,1,0,0
5279,"2,1774",12,35,1225,1,0,1,0
5280,"2,1774",9,22,484,1,1,0,0
5281,"2,1774",5,20,400,0,1,0,0
5282,"2,1774",5,19,361,1,1,0,0
5283,"2,1774",5,45,2025,1,0,1,1
5284,"2,1568",10,23,529,1,1,0,0
5285,"2,0974",9,21,441,1,1,0,0
5286,"2,0783",5,25,625,0,0,1,0
5287,"2,0596",5,18,324,1,1,0,0
5288,"2,0596",5,25,625,1,0,1,0
5289,"2,0596",5,18,324,0,1,0,0
5290,"2,0596",5,20,400,0,1,0,0
5291,"2,0233",5,17,289,0,1,0,0
5292,"2,0233",5,32,1024,0,0,1,0
5293,"2,0233",5,29,841,0,0,1,0
5294,"2,0233",16,28,784,0,0,1,0
5295,"2,0233",5,27,729,0,0,1,0
5296,"2,0233",5,25,625,0,1,0,0
5297,"2,0056",5,22,484,0,0,1,0
5298,"1,9882",5,26,676,0,0,1,0
5299,"1,9882",9,22,484,1,1,0,0
5300,"1,9543",5,55,3025,0,0,1,0
5301,"1,9543",5,16,256,1,1,0,0
5302,"1,9543",9,22,484,1,1,0,0
5303,"1,9543",5,22,484,1,1,0,0
5304,"1,9543",9,21,441,1,1,0,0
5305,"1,9543",9,27,729,0,1,0,0
5306,"1,9543",5,18,324,1,1,0,0
5307,"1,9543",5,28,784,1,0,1,0
5308,"1,9377",5,25,625,0,1,0,0
5309,"1,9215",5,18,324,1,1,0,0
5310,"1,8742",5,45,2025,0,0,1,0
5311,"1,8742",5,19,361,1,1,0,0
5312,"1,8742",12,18,324,1,1,0,0
5313,"1,8590",5,58,3364,1,0,1,0
5314,"1,8291",5,16,256,0,1,0,0
5315,"1,8001",5,22,484,1,0,1,0
5316,"1,8001",5,30,900,0,0,1,0
5317,"1,8001",5,60,3600,1,0,1,0
5318,"1,8001",5,23,529,0,0,1,0
5319,"1,8001",5,22,484,0,0,1,0
5320,"1,8001",5,16,256,0,1,0,0
5321,"1,8001",5,20,400,0,1,0,0
5322,"1,8001",5,27,729,1,0,1,0
5323,"1,7720",5,24,576,0,0,1,0
5324,"1,6919",16,22,484,1,1,0,0
5325,"1,6666",12,36,1296,1,0,1,0
5326,"1,6298",12,35,1225,1,0,1,0
5327,"1,6178",5,20,400,1,0,1,0
5328,"1,6178",5,22,484,1,1,0,0
5329,"1,6178",9,24,576,1,0,1,1
5330,"1,5943",5,30,900,1,0,1,0
5331,"2,1885",9,23,529,1,1,0,0
5332,"1,9985",10,30,900,1,0,1,0
5333,"2,2740",9,22,484,0,1,0,0
5334,"2,2315",9,36,1296,0,0,1,0
5335,"2,2315",5,28,784,1,1,0,0
5336,"2,1514",9,24,576,0,0,1,0
5337,"2,1514",5,30,900,0,0,1,0
5338,"2,1324",5,30,900,0,1,0,0
5339,"2,1137",5,20,400,0,1,0,0
5340,"2,1137",12,20,400,0,0,1,0
5341,"2,0773",5,22,484,0,0,1,0
5342,"2,0773",5,46,2116,0,0,1,0
5343,"2,0083",5,16,256,0,1,0,0
5344,"2,0083",5,60,3600,1,0,0,1
5345,"1,9756",5,35,1225,0,0,1,0
5346,"1,7986",5,23,529,0,0,1,0
5347,"1,6719",5,50,2500,0,0,0,0
5348,"2,3755",5,20,400,1,1,0,0
5349,"2,1397",5,16,256,0,1,0,0
5350,"2,1033",16,26,676,0,0,1,0
5351,"1,6978",9,20,400,1,1,0,0
5352,"3,5149",9,30,900,1,0,1,0
5353,"3,3814",5,45,2025,0,0,1,0
5354,"3,1095",5,20,400,1,1,0,0
5355,"3,0629",10,33,1089,1,1,0,0
5356,"2,9759",9,47,2209,1,0,0,1
5357,"2,9759",16,26,676,1,0,1,0
5358,"2,9759",16,20,400,1,1,0,1
5359,"2,9759",16,25,625,1,0,1,0
5360,"2,7528",5,18,324,0,1,0,1
5361,"2,7528",5,48,2304,0,0,1,0
5362,"2,7528",16,20,400,1,1,0,0
5363,"2,6882",5,16,256,0,1,0,0
5364,"2,6276",12,60,3600,1,0,1,0
5365,"2,6276",12,58,3364,1,0,1,0
5366,"2,6276",16,36,1296,1,0,1,1
5367,"2,6276",12,24,576,1,0,1,1
5368,"2,6276",16,25,625,1,1,0,0
5369,"2,5986",5,23,529,0,1,0,0
5370,"2,5986",12,23,529,0,1,0,0
5371,"2,5986",10,19,361,1,1,0,1
5372,"2,5986",16,20,400,1,1,0,1
5373,"2,5705",9,19,361,1,1,0,0
5374,"2,5705",9,25,625,1,1,0,1
5375,"2,5705",5,37,1369,1,0,1,1
5376,"2,5705",5,40,1600,1,0,1,1
5377,"2,5164",10,33,1089,1,0,1,0
5378,"2,5164",16,29,841,1,0,1,1
5379,"2,5164",9,26,676,0,0,1,0
5380,"2,4904",5,40,1600,0,0,1,0
5381,"2,4904",16,36,1296,0,1,0,0
5382,"2,4904",5,23,529,1,1,0,1
5383,"2,4904",16,26,676,1,1,0,1
5384,"2,4904",12,30,900,1,0,1,0
5385,"2,4904",9,23,529,0,1,0,0
5386,"2,4651",5,19,361,1,1,0,0
5387,"2,4651",5,23,529,1,1,0,0
5388,"2,4651",5,18,324,1,1,0,0
5389,"2,4651",5,25,625,0,0,1,0
5390,"2,4651",5,20,400,1,1,0,0
5391,"2,4651",16,23,529,0,1,0,0
5392,"2,4651",9,35,1225,0,1,0,0
5393,"2,4163",5,28,784,0,0,1,0
5394,"2,4163",5,38,1444,1,0,1,0
5395,"2,4163",5,32,1024,1,0,1,0
5396,"2,4163",5,22,484,1,1,0,0
5397,"2,4163",5,22,484,1,1,0,0
5398,"2,4163",9,18,324,0,1,0,0
5399,"2,4163",5,56,3136,0,0,1,0
5400,"2,4163",12,18,324,1,1,0,1
5401,"2,4163",5,42,1764,0,0,0,0
5402,"2,3928",16,40,1600,0,0,1,0
5403,"2,3698",9,22,484,1,0,1,0
5404,"2,3698",5,19,361,0,1,0,0
5405,"2,3698",5,20,400,1,1,0,0
5406,"2,3473",5,30,900,0,0,1,0
5407,"2,3473",5,23,529,1,1,0,0
5408,"2,3473",5,20,400,1,1,0,0
5409,"2,3473",5,50,2500,1,0,1,0
5410,"2,3473",16,23,529,1,1,0,0
5411,"2,3253",5,18,324,0,1,0,0
5412,"2,3038",5,26,676,1,0,1,0
5413,"2,2828",12,35,1225,0,0,1,0
5414,"2,2828",5,24,576,1,1,0,0
5415,"2,2828",5,18,324,1,1,0,0
5416,"2,2828",5,16,256,1,1,0,0
5417,"2,2828",5,26,676,1,1,0,0
5418,"2,2828",9,22,484,1,1,0,0
5419,"2,2828",12,23,529,1,1,0,0
5420,"2,2828",12,20,400,1,1,0,0
5421,"2,2828",5,35,1225,0,0,1,0
5422,"2,2828",10,28,784,1,1,0,0
5423,"2,2828",5,46,2116,0,0,1,0
5424,"2,2828",5,17,289,1,1,0,0
5425,"2,2828",5,23,529,0,1,0,0
5426,"2,2828",5,16,256,1,1,0,0
5427,"2,2828",9,21,441,0,0,1,0
5428,"2,2828",5,16,256,1,1,0,0
5429,"2,2828",12,24,576,0,0,1,0
5430,"2,2828",5,19,361,0,1,0,0
5431,"2,2828",12,24,576,1,1,0,0
5432,"2,2828",12,26,676,1,0,1,0
5433,"2,2828",12,32,1024,1,0,1,0
5434,"2,2828",16,29,841,1,1,0,0
5435,"2,2828",10,22,484,1,1,0,0
5436,"2,2828",12,21,441,1,1,0,0
5437,"2,2828",5,20,400,0,0,1,0
5438,"2,2828",5,20,400,1,1,0,0
5439,"2,2828",12,20,400,1,1,0,0
5440,"2,2828",5,35,1225,0,0,1,0
5441,"2,2622",5,21,441,0,1,0,0
5442,"2,2622",5,16,256,1,1,0,0
5443,"2,2622",9,19,361,0,1,0,0
5444,"2,2622",9,16,256,1,1,0,0
5445,"2,2622",5,35,1225,0,0,1,0
5446,"2,2420",5,38,1444,0,0,1,0
5447,"2,2420",5,23,529,1,1,0,0
5448,"2,2420",5,16,256,1,1,0,0
5449,"2,2420",12,17,289,1,1,0,0
5450,"2,2222",5,15,225,0,1,0,0
5451,"2,2222",5,43,1849,1,0,1,0
5452,"2,2222",9,23,529,1,1,0,0
5453,"2,2222",5,45,2025,0,0,1,0
5454,"2,2222",12,28,784,1,0,1,0
5455,"2,2027",5,18,324,1,1,0,0
5456,"2,2027",5,35,1225,1,0,1,0
5457,"2,2027",12,20,400,0,1,0,0
5458,"2,2027",12,24,576,1,1,0,0
5459,"2,2027",5,27,729,1,0,1,0
5460,"2,2027",5,24,576,1,1,0,0
5461,"2,1837",12,32,1024,0,0,1,0
5462,"2,1837",12,24,576,1,0,1,0
5463,"2,1837",9,17,289,0,1,0,0
5464,"2,1837",12,22,484,1,1,0,0
5465,"2,1650",12,18,324,0,1,0,0
5466,"2,1650",5,25,625,1,1,0,0
5467,"2,1650",16,27,729,1,1,0,1
5468,"2,1650",9,39,1521,1,0,1,0
5469,"2,1650",5,40,1600,1,0,1,0
5470,"2,1650",5,35,1225,1,1,0,0
5471,"2,1650",9,30,900,1,0,1,0
5472,"2,1650",10,17,289,1,1,0,0
5473,"2,1650",5,16,256,0,1,0,0
5474,"2,1650",5,18,324,0,1,0,0
5475,"2,1650",5,20,400,0,1,0,0
5476,"2,1650",5,22,484,0,1,0,0
5477,"2,1650",5,32,1024,0,0,1,0
5478,"2,1650",5,18,324,0,1,0,0
5479,"2,1650",5,15,225,1,1,0,0
5480,"2,1650",5,24,576,1,0,1,0
5481,"2,1650",5,24,576,0,1,0,0
5482,"2,1467",9,20,400,0,0,1,0
5483,"2,1286",5,35,1225,0,0,1,0
5484,"2,1286",5,20,400,0,1,0,0
5485,"2,1286",5,36,1296,1,0,1,0
5486,"2,1286",5,42,1764,0,0,1,0
5487,"2,1286",5,46,2116,0,0,1,0
5488,"2,1286",5,48,2304,0,0,1,0
5489,"2,1286",5,25,625,0,1,0,0
5490,"2,1286",5,20,400,1,0,1,0
5491,"2,1286",5,24,576,0,0,1,0
5492,"2,1286",12,19,361,1,1,0,0
5493,"2,1286",9,28,784,1,0,1,0
5494,"2,1286",9,24,576,0,1,0,0
5495,"2,1286",5,20,400,0,1,0,0
5496,"2,1286",5,17,289,1,1,0,0
5497,"2,1286",5,27,729,0,0,1,0
5498,"2,1286",5,30,900,0,0,1,0
5499,"2,1286",5,24,576,1,1,0,0
5500,"2,1286",9,30,900,0,1,0,0
5501,"2,1286",9,30,900,0,0,1,0
5502,"2,1286",5,45,2025,1,0,1,0
5503,"2,1286",5,35,1225,0,0,1,0
5504,"2,1286",5,46,2116,1,0,1,1
5505,"2,1286",5,17,289,1,1,0,0
5506,"2,1286",5,25,625,0,1,0,0
5507,"2,1286",5,55,3025,1,0,1,0
5508,"2,1286",5,55,3025,0,0,0,0
5509,"2,1109",9,40,1600,0,0,1,0
5510,"2,0935",5,32,1024,1,0,1,0
5511,"2,0935",5,55,3025,0,0,1,0
5512,"2,0935",12,18,324,1,1,0,0
5513,"2,0935",5,18,324,1,1,0,0
5514,"2,0935",5,38,1444,1,0,1,0
5515,"2,0764",5,25,625,0,0,1,0
5516,"2,0764",5,42,1764,0,0,1,0
5517,"2,0764",5,32,1024,1,0,1,0
5518,"2,0764",5,16,256,1,1,0,0
5519,"2,0764",10,25,625,1,1,0,0
5520,"2,0764",5,17,289,0,1,0,0
5521,"2,0764",5,35,1225,0,0,1,0
5522,"2,0764",5,36,1296,0,0,1,0
5523,"2,0764",5,27,729,0,0,1,0
5524,"2,0764",10,18,324,1,1,0,1
5525,"2,0764",9,25,625,0,1,0,0
5526,"2,0596",12,26,676,1,0,1,0
5527,"2,0596",5,24,576,1,1,0,0
5528,"2,0596",5,22,484,1,1,0,0
5529,"2,0596",12,22,484,1,1,0,0
5530,"2,0596",10,22,484,0,1,0,0
5531,"2,0596",12,22,484,1,1,0,0
5532,"2,0596",9,22,484,1,1,0,0
5533,"2,0596",5,14,196,0,1,0,0
5534,"2,0596",5,24,576,0,1,0,0
5535,"2,0596",5,22,484,1,0,1,0
5536,"2,0596",5,37,1369,1,0,1,0
5537,"2,0431",12,20,400,0,1,0,0
5538,"2,0431",5,21,441,1,1,0,0
5539,"2,0268",10,26,676,0,0,1,0
5540,"1,9951",9,22,484,1,0,1,0
5541,"1,9951",12,20,400,1,1,0,0
5542,"1,9796",5,40,1600,0,0,1,0
5543,"1,9796",9,28,784,0,0,1,0
5544,"1,9796",5,19,361,1,1,0,0
5545,"1,9643",5,35,1225,0,0,1,0
5546,"1,9643",9,42,1764,0,0,1,0
5547,"1,9643",5,31,961,1,0,1,0
5548,"1,9643",12,19,361,1,1,0,0
5549,"1,9345",5,22,484,0,1,0,0
5550,"1,9345",5,21,441,0,1,0,0
5551,"1,9345",5,18,324,1,1,0,0
5552,"1,9345",5,30,900,1,0,1,0
5553,"1,9055",5,30,900,0,0,1,0
5554,"1,9055",12,22,484,0,0,1,0
5555,"1,9055",5,28,784,0,0,1,0
5556,"1,9055",5,46,2116,1,0,1,0
5557,"1,9055",12,24,576,0,1,0,0
5558,"1,9055",5,17,289,1,1,0,0
5559,"1,9055",9,18,324,1,1,0,0
5560,"1,8913",5,25,625,0,0,1,0
5561,"1,8773",5,26,676,1,1,0,0
5562,"1,8773",5,20,400,1,1,0,0
5563,"1,8773",12,20,400,1,1,0,0
5564,"1,8773",5,24,576,1,1,0,0
5565,"1,8773",5,25,625,1,1,0,1
5566,"1,8773",9,26,676,1,0,1,0
5567,"1,8499",9,18,324,1,1,0,0
5568,"1,7973",9,17,289,0,1,0,0
5569,"1,7845",5,24,576,0,0,1,0
5570,"1,7232",5,60,3600,0,0,1,0
5571,"1,7232",5,16,256,0,1,0,0
5572,"1,7232",5,49,2401,1,0,1,0
5573,"1,7232",9,20,400,0,1,0,0
5574,"1,7232",5,40,1600,1,0,1,0
5575,"1,7232",5,16,256,1,1,0,0
5576,"2,0515",9,22,484,0,0,1,0
5577,"2,3220",5,32,1024,0,0,1,0
5578,"2,6474",16,21,441,1,1,0,1
5579,"2,6474",16,22,484,1,1,0,1
5580,"2,6474",16,24,576,1,1,0,1
5581,"2,4892",5,58,3364,0,0,1,0
5582,"2,4186",5,56,3136,1,0,0,0
5583,"2,4186",12,22,484,0,1,0,0
5584,"2,3741",5,15,225,0,1,0,0
5585,"2,3316",5,30,900,1,0,1,0
5586,"2,3316",5,40,1600,0,0,1,1
5587,"2,3316",5,42,1764,0,0,1,1
5588,"2,2709",5,53,2809,0,0,1,0
5589,"2,2709",5,28,784,0,0,1,0
5590,"2,2515",5,20,400,0,0,1,0
5591,"2,2515",5,23,529,1,1,0,0
5592,"2,2515",9,18,324,0,1,0,0
5593,"2,2325",12,18,324,0,1,0,0
5594,"2,2138",5,16,256,1,1,0,0
5595,"2,1774",5,38,1444,0,0,1,0
5596,"2,1774",5,50,2500,0,0,1,0
5597,"2,1774",5,20,400,0,1,0,0
5598,"2,1774",9,36,1296,0,0,1,0
5599,"2,1423",5,25,625,1,0,1,0
5600,"2,1084",5,22,484,0,1,0,0
5601,"2,1084",5,27,729,0,0,1,1
5602,"2,0596",5,18,324,0,0,1,0
5603,"2,0596",5,35,1225,1,0,1,0
5604,"2,0131",5,27,729,0,0,1,0
5605,"2,0131",5,56,3136,0,0,0,0
5606,"2,0131",5,25,625,1,1,0,0
5607,"1,9543",5,34,1156,0,0,1,0
5608,"1,9543",5,30,900,0,0,1,0
5609,"1,9543",5,35,1225,0,0,1,0
5610,"1,7720",5,40,1600,1,0,1,0
5611,"1,6178",5,55,3025,1,0,1,0
5612,"2,1798",5,26,676,0,0,1,0
5613,"2,4281",16,22,484,1,1,0,1
5614,"2,2373",5,23,529,0,0,1,0
5615,"5,5561",5,20,400,0,1,0,0
5616,"4,4575",5,23,529,1,0,1,0
5617,"2,7229",10,23,529,1,1,0,1
5618,"2,5116",5,20,400,0,1,0,0
5619,"2,5116",5,45,2025,1,0,0,1
5620,"2,4881",12,22,484,1,1,0,0
5621,"2,4651",12,19,361,0,1,0,0
5622,"2,3781",5,29,841,0,0,1,0
5623,"2,3781",5,23,529,1,0,1,0
5624,"2,3781",5,25,625,1,0,1,0
5625,"2,3781",9,17,289,1,1,0,0
5626,"2,3781",5,15,225,1,1,0,0
5627,"2,3781",5,17,289,1,1,0,0
5628,"2,3781",5,20,400,1,1,0,0
5629,"2,3781",5,18,324,1,1,0,0
5630,"2,3781",5,20,400,1,1,0,0
5631,"2,3781",5,17,289,1,1,0,0
5632,"2,3373",5,23,529,1,0,1,0
5633,"2,2603",12,28,784,0,0,1,1
5634,"2,2239",5,22,484,0,0,1,0
5635,"2,2239",5,40,1600,0,0,1,0
5636,"2,2239",5,45,2025,0,0,1,0
5637,"2,2239",5,23,529,0,1,0,0
5638,"2,2239",5,18,324,1,1,0,0
5639,"2,2239",12,18,324,1,1,0,0
5640,"2,1889",9,25,625,1,1,0,0
5641,"2,1549",5,22,484,0,0,1,0
5642,"2,1549",9,24,576,1,1,0,0
5643,"2,1549",5,22,484,1,1,0,0
5644,"2,1549",9,34,1156,1,1,0,0
5645,"2,1549",5,35,1225,1,0,1,0
5646,"2,1222",5,57,3249,1,0,1,0
5647,"2,1062",5,40,1600,0,0,1,0
5648,"2,1062",5,17,289,0,1,0,0
5649,"2,0596",5,25,625,1,1,0,0
5650,"2,0298",5,18,324,0,1,0,0
5651,"2,0298",5,22,484,1,1,0,0
5652,"2,0008",5,60,3600,0,0,1,0
5653,"2,0008",9,20,400,0,1,0,0
5654,"2,0008",5,50,2500,0,0,1,0
5655,"2,0008",5,45,2025,0,0,1,0
5656,"1,9726",5,28,784,1,0,1,0
5657,"1,8426",5,32,1024,0,0,1,0
5658,"1,8185",5,22,484,1,0,1,0
5659,"1,8185",5,30,900,1,0,1,0
5660,"2,5341",5,25,625,0,0,1,0
5661,"2,5341",5,22,484,0,0,1,0
5662,"2,4006",5,54,2916,1,0,1,0
5663,"2,4006",5,27,729,1,1,0,0
5664,"3,2492",5,55,3025,1,0,0,1
5665,"2,7102",5,47,2209,1,0,1,1
5666,"2,6302",5,30,900,0,0,1,0
5667,"2,4871",16,32,1024,1,0,1,0
5668,"2,4651",5,49,2401,0,0,1,0
5669,"2,4225",9,26,676,1,0,1,0
5670,"2,4225",5,16,256,0,1,0,0
5671,"2,4225",5,17,289,0,1,0,0
5672,"2,3817",5,30,900,1,0,1,0
5673,"2,3425",9,40,1600,1,1,0,0
5674,"2,3048",5,24,576,0,1,0,0
5675,"2,3048",12,25,625,1,0,1,0
5676,"2,3048",5,50,2500,1,0,1,0
5677,"2,2684",5,39,1521,0,0,1,0
5678,"2,2684",5,43,1849,1,0,1,0
5679,"2,2684",5,51,2601,1,0,1,1
5680,"2,2333",9,22,484,1,1,0,0
5681,"2,2333",10,26,676,0,1,0,0
5682,"2,1994",5,38,1444,0,0,1,0
5683,"2,1994",5,17,289,1,1,0,0
5684,"2,1994",9,30,900,1,1,0,0
5685,"2,1994",12,44,1936,0,0,1,0
5686,"2,1349",5,35,1225,0,0,1,0
5687,"2,0453",5,16,256,1,1,0,0
5688,"2,0453",5,55,3025,0,0,1,0
5689,"2,0453",16,35,1225,1,0,1,0
5690,"2,0453",5,23,529,0,0,1,0
5691,"2,0171",9,16,256,1,1,0,0
5692,"1,9897",5,18,324,0,1,0,0
5693,"4,9500",9,26,676,1,0,1,0
5694,"2,8099",16,26,676,1,1,0,1
5695,"2,7528",5,60,3600,1,0,1,0
5696,"2,6474",9,23,529,1,1,0,0
5697,"2,5751",5,28,784,1,1,0,0
5698,"2,5521",5,25,625,1,1,0,0
5699,"2,5521",16,22,484,1,1,0,1
5700,"2,5077",16,30,900,0,0,1,0
5701,"2,4862",9,36,1296,1,1,0,0
5702,"2,4651",5,29,841,0,0,1,0
5703,"2,4651",5,16,256,1,1,0,0
5704,"2,4651",5,58,3364,0,0,1,0
5705,"2,4651",5,55,3025,0,0,1,0
5706,"2,4651",12,19,361,1,1,0,0
5707,"2,4651",5,17,289,1,1,0,0
5708,"2,4651",12,26,676,1,0,1,0
5709,"2,4651",9,30,900,1,1,0,0
5710,"2,4045",5,22,484,0,1,0,0
5711,"2,3851",5,45,2025,0,0,1,0
5712,"2,3473",5,42,1764,1,0,1,0
5713,"2,3110",5,42,1764,1,0,1,0
5714,"2,2420",5,32,1024,0,0,1,0
5715,"2,2092",9,18,324,0,1,0,0
5716,"2,1774",5,19,361,0,1,0,0
5717,"2,1774",5,14,196,1,1,0,0
5718,"2,1619",5,22,484,1,0,1,0
5719,"2,1467",5,23,529,0,1,0,0
5720,"2,1168",9,18,324,1,1,0,0
5721,"2,1168",5,23,529,1,1,0,0
5722,"2,1168",9,18,324,1,1,0,0
5723,"2,0878",5,20,400,0,0,1,0
5724,"2,0596",10,26,676,1,1,0,0
5725,"2,0056",5,27,729,0,0,1,0
5726,"2,5068",5,33,1089,0,0,1,0
5727,"2,2626",5,15,225,0,1,0,0
5728,"2,2626",9,20,400,0,1,0,0
5729,"2,1084",5,45,2025,0,0,1,0
5730,"2,0131",9,24,576,1,0,1,0
5731,"3,3326",5,30,900,0,0,1,0
5732,"3,2416",12,20,400,0,1,0,0
5733,"3,1991",9,20,400,1,1,0,0
5734,"3,1190",5,39,1521,1,0,1,0
5735,"3,0449",5,50,2500,1,0,1,0
5736,"2,9431",5,47,2209,0,0,1,0
5737,"2,9114",5,22,484,1,0,1,0
5738,"2,9114",5,27,729,1,1,0,0
5739,"2,9114",5,25,625,1,1,0,0
5740,"2,8508",12,26,676,1,1,0,0
5741,"2,8508",5,55,3025,0,0,1,0
5742,"2,8218",16,27,729,1,0,1,0
5743,"2,7936",16,25,625,1,1,0,1
5744,"2,7136",10,22,484,0,0,1,0
5745,"2,7136",9,22,484,0,1,0,1
5746,"2,6882",5,29,841,0,0,1,0
5747,"2,6882",12,24,576,1,1,0,0
5748,"2,6882",5,18,324,0,1,0,0
5749,"2,6882",9,23,529,1,0,1,0
5750,"2,6882",5,55,3025,1,0,1,0
5751,"2,6636",12,27,729,0,0,1,0
5752,"2,6395",5,45,2025,1,0,1,0
5753,"2,6159",5,25,625,0,1,0,0
5754,"2,5929",12,22,484,1,1,0,0
5755,"2,5705",12,26,676,1,0,1,0
5756,"2,5485",5,21,441,1,1,0,0
5757,"2,5270",5,20,400,0,1,0,0
5758,"2,5059",5,40,1600,0,0,1,0
5759,"2,5059",12,60,3600,0,0,1,0
5760,"2,5059",5,57,3249,0,0,1,0
5761,"2,5059",5,19,361,1,1,0,0
5762,"2,5059",5,22,484,0,1,0,0
5763,"2,5059",5,50,2500,0,0,1,0
5764,"2,5059",12,32,1024,1,0,1,0
5765,"2,5059",5,22,484,1,1,0,0
5766,"2,5059",9,30,900,1,0,1,0
5767,"2,5059",9,22,484,1,1,0,0
5768,"2,5059",5,28,784,0,0,1,0
5769,"2,5059",5,40,1600,1,0,1,0
5770,"2,5059",9,45,2025,1,0,1,0
5771,"2,5059",5,20,400,0,1,0,0
5772,"2,5059",10,18,324,1,1,0,0
5773,"2,5059",9,25,625,1,1,0,0
5774,"2,5059",5,35,1225,1,0,1,0
5775,"2,5059",10,25,625,1,1,0,0
5776,"2,5059",9,37,1369,1,0,1,0
5777,"2,5059",5,22,484,1,1,0,0
5778,"2,5059",5,30,900,1,0,1,0
5779,"2,5059",5,36,1296,1,0,1,0
5780,"2,5059",5,20,400,1,1,0,0
5781,"2,5059",5,24,576,1,1,0,0
5782,"2,5059",9,24,576,0,0,1,0
5783,"2,5059",9,43,1849,1,0,1,0
5784,"2,5059",12,23,529,1,1,0,0
5785,"2,5059",5,25,625,1,1,0,0
5786,"2,5059",9,18,324,1,1,0,0
5787,"2,5059",5,30,900,0,0,1,0
5788,"2,5059",5,30,900,0,0,1,0
5789,"2,5059",5,28,784,1,0,1,0
5790,"2,5059",5,45,2025,0,0,1,0
5791,"2,4853",5,38,1444,0,1,0,0
5792,"2,4853",12,25,625,1,1,0,0
5793,"2,4853",5,35,1225,1,0,1,0
5794,"2,4651",5,40,1600,0,0,1,0
5795,"2,4651",9,30,900,0,0,1,0
5796,"2,4453",5,52,2704,1,0,1,0
5797,"2,4453",12,20,400,1,1,0,0
5798,"2,4259",5,22,484,0,0,1,0
5799,"2,4259",5,26,676,0,0,1,0
5800,"2,4068",10,30,900,0,0,1,0
5801,"2,4068",5,32,1024,1,0,1,0
5802,"2,4068",5,42,1764,1,0,1,0
5803,"2,4068",5,22,484,1,1,0,0
5804,"2,3881",5,22,484,0,1,0,0
5805,"2,3881",5,25,625,1,0,1,0
5806,"2,3881",9,20,400,1,1,0,0
5807,"2,3881",5,22,484,1,1,0,0
5808,"2,3698",5,26,676,0,1,0,0
5809,"2,3698",5,30,900,0,0,1,0
5810,"2,3518",5,22,484,0,0,1,0
5811,"2,3518",5,28,784,0,0,1,0
5812,"2,3518",5,17,289,1,1,0,0
5813,"2,3518",5,45,2025,0,0,1,0
5814,"2,3518",12,32,1024,0,0,1,0
5815,"2,3518",5,29,841,1,0,1,0
5816,"2,3518",5,16,256,1,1,0,0
5817,"2,3518",5,36,1296,0,0,1,0
5818,"2,3518",12,28,784,1,1,0,0
5819,"2,3518",5,40,1600,0,0,1,0
5820,"2,3518",5,60,3600,1,0,1,0
5821,"2,3518",9,18,324,0,1,0,0
5822,"2,3518",5,40,1600,0,0,1,0
5823,"2,3518",5,31,961,0,0,1,0
5824,"2,3518",10,21,441,1,1,0,0
5825,"2,3518",16,32,1024,1,0,1,0
5826,"2,3518",5,34,1156,0,0,1,0
5827,"2,3518",5,40,1600,0,0,1,0
5828,"2,3341",5,23,529,1,1,0,0
5829,"2,3341",5,36,1296,0,0,1,0
5830,"2,3167",5,48,2304,0,0,1,0
5831,"2,3167",5,22,484,0,1,0,0
5832,"2,3167",12,20,400,0,1,0,0
5833,"2,2828",10,38,1444,0,0,1,0
5834,"2,2828",5,15,225,0,1,0,0
5835,"2,2828",12,32,1024,0,0,1,0
5836,"2,2828",5,48,2304,1,0,1,0
5837,"2,2828",12,28,784,0,0,1,0
5838,"2,2828",5,15,225,1,1,0,0
5839,"2,2828",5,25,625,1,1,0,0
5840,"2,2828",9,21,441,1,1,0,0
5841,"2,2828",12,22,484,1,1,0,0
5842,"2,2828",16,35,1225,0,0,1,0
5843,"2,2828",12,20,400,1,1,0,0
5844,"2,2828",12,24,576,1,1,0,0
5845,"2,2828",5,42,1764,0,0,1,0
5846,"2,2828",5,40,1600,1,0,1,0
5847,"2,2828",5,23,529,1,1,0,0
5848,"2,2828",9,18,324,1,1,0,0
5849,"2,2663",10,30,900,1,0,1,0
5850,"2,2663",5,29,841,0,0,1,0
5851,"2,2500",9,38,1444,0,0,1,0
5852,"2,2500",5,35,1225,1,0,1,0
5853,"2,2340",12,40,1600,0,0,1,0
5854,"2,2340",16,30,900,1,1,0,0
5855,"2,2340",5,22,484,0,1,0,0
5856,"2,2340",9,19,361,0,1,0,0
5857,"2,2182",9,24,576,1,1,0,0
5858,"2,2027",5,16,256,0,1,0,0
5859,"2,1875",5,15,225,0,1,0,0
5860,"2,1875",5,39,1521,0,0,1,0
5861,"2,1576",5,47,2209,0,0,1,0
5862,"2,1576",12,16,256,1,1,0,0
5863,"2,1576",5,14,196,1,1,0,0
5864,"2,1576",5,35,1225,1,0,1,0
5865,"2,1286",9,25,625,0,0,1,0
5866,"2,1286",5,25,625,0,1,0,0
5867,"2,1286",5,35,1225,1,0,1,0
5868,"2,1286",5,51,2601,1,0,1,0
5869,"2,1286",5,36,1296,1,0,1,0
5870,"2,1286",5,18,324,1,1,0,1
5871,"2,1286",5,24,576,1,0,1,0
5872,"2,1286",5,16,256,1,1,0,0
5873,"2,1005",9,30,900,1,0,1,0
5874,"2,1005",5,26,676,0,1,0,0
5875,"2,1005",12,26,676,1,1,0,0
5876,"2,1005",5,60,3600,1,0,1,0
5877,"2,0333",5,39,1521,1,0,1,0
5878,"1,9463",12,25,625,1,1,0,0
5879,"1,7820",5,25,625,1,0,1,1
5880,"2,3716",5,45,2025,0,0,1,0
5881,"4,1138",5,60,3600,1,0,0,0
5882,"2,6322",5,20,400,1,1,0,0
5883,"2,6322",12,44,1936,1,0,1,0
5884,"2,6097",9,27,729,1,0,1,0
5885,"2,5877",9,36,1296,1,0,1,0
5886,"2,5662",5,47,2209,1,0,1,0
5887,"2,5451",5,52,2704,1,0,1,0
5888,"2,5451",5,36,1296,0,0,1,0
5889,"2,5451",5,35,1225,1,0,1,0
5890,"2,5451",5,25,625,1,1,0,0
5891,"2,4845",5,39,1521,0,0,1,0
5892,"2,4845",5,18,324,0,1,0,0
5893,"2,4461",5,36,1296,1,0,1,0
5894,"2,4461",9,38,1444,0,0,1,0
5895,"2,3910",5,32,1024,1,0,1,0
5896,"2,3910",9,22,484,1,1,0,0
5897,"2,3220",5,28,784,0,0,1,0
5898,"2,3220",5,22,484,0,1,0,0
5899,"2,3220",5,36,1296,1,0,1,0
5900,"2,3220",5,20,400,1,1,0,0
5901,"2,3220",5,24,576,1,1,0,0
5902,"2,3055",5,42,1764,0,0,1,0
5903,"2,2267",5,35,1225,0,0,1,0
5904,"2,1679",5,55,3025,0,0,1,0
5905,"2,1679",5,45,2025,0,0,1,0
5906,"2,1679",5,33,1089,1,0,1,0
5907,"2,1679",5,60,3600,1,0,0,0
5908,"2,1679",5,38,1444,1,0,1,1
5909,"2,1397",12,24,576,1,1,0,0
5910,"2,0856",9,23,529,0,0,1,0
5911,"2,7652",9,37,1369,1,0,1,0
5912,"2,5829",5,30,900,1,0,1,0
5913,"2,5829",5,24,576,1,1,0,0
5914,"2,4651",5,15,225,1,1,0,0
5915,"2,4651",5,16,256,0,1,0,0
5916,"2,4651",5,45,2025,0,0,1,0
5917,"2,4287",9,18,324,0,1,0,0
5918,"2,4287",5,30,900,1,0,1,0
5919,"2,3597",9,33,1089,1,0,1,0
5920,"2,3597",9,24,576,0,0,1,0
5921,"2,3597",5,23,529,1,0,1,0
5922,"2,3597",5,27,729,1,0,1,0
5923,"2,3270",5,15,225,0,1,0,0
5924,"2,3110",10,24,576,1,1,0,0
5925,"2,2346",5,40,1600,0,0,1,0
5926,"2,2056",9,25,625,0,1,0,0
5927,"2,8089",5,40,1600,1,0,1,1
5928,"2,7528",5,21,441,1,1,0,0
5929,"2,6618",5,35,1225,0,0,1,0
5930,"2,6403",5,20,400,0,0,1,0
5931,"2,6193",5,20,400,0,1,0,0
5932,"2,6193",5,16,256,1,1,0,0
5933,"2,6193",5,18,324,1,1,0,0
5934,"2,6193",5,30,900,1,0,1,0
5935,"2,6193",5,28,784,1,0,1,0
5936,"2,6193",5,25,625,1,0,1,0
5937,"2,6193",5,31,961,0,0,1,0
5938,"2,6193",5,30,900,1,0,1,0
5939,"2,5986",5,40,1600,1,0,1,0
5940,"2,5784",5,29,841,0,1,0,0
5941,"2,5784",5,17,289,1,1,0,0
5942,"2,5392",5,50,2500,0,0,1,0
5943,"2,5392",5,17,289,1,1,0,0
5944,"2,5392",9,20,400,0,1,0,0
5945,"2,5202",5,47,2209,1,0,1,0
5946,"2,5015",5,16,256,1,1,0,0
5947,"2,4651",12,15,225,1,1,0,0
5948,"2,4651",5,23,529,0,1,0,0
5949,"2,4651",9,35,1225,1,0,1,0
5950,"2,4651",5,17,289,1,1,0,1
5951,"2,4474",5,26,676,1,1,0,0
5952,"2,4300",5,22,484,0,1,0,0
5953,"2,4300",5,18,324,1,1,0,0
5954,"2,4300",5,42,1764,0,0,1,0
5955,"2,3961",5,23,529,1,1,0,0
5956,"2,3961",5,28,784,0,0,1,0
5957,"2,3961",5,17,289,1,1,0,0
5958,"2,3961",12,20,400,1,1,0,0
5959,"2,3961",5,41,1681,1,0,1,0
5960,"2,3961",12,47,2209,1,0,1,0
5961,"2,3796",9,23,529,0,1,0,0
5962,"2,3473",12,21,441,1,1,0,0
5963,"2,3316",9,28,784,1,0,1,0
5964,"2,3161",5,25,625,0,1,0,0
5965,"2,3008",9,26,676,1,0,1,0
5966,"2,2138",12,50,2500,1,0,1,0
5967,"2,0596",5,19,361,1,1,0,0
5968,"2,7414",9,20,400,1,1,0,0
5969,"2,6543",9,20,400,1,1,0,0
5970,"2,6543",5,30,900,0,0,1,0
5971,"2,5002",10,23,529,1,1,0,0
5972,"2,4651",16,22,484,1,0,1,0
5973,"2,4480",5,30,900,0,0,1,0
5974,"6,5426",12,35,1225,1,0,1,0
5975,"3,3814",9,34,1156,1,0,1,0
5976,"3,3406",16,24,576,1,1,0,1
5977,"3,2272",5,16,256,1,1,0,1
5978,"3,1922",16,42,1764,1,0,1,1
5979,"3,1583",5,25,625,0,0,1,0
5980,"3,1583",16,42,1764,1,0,0,1
5981,"3,0937",5,17,289,1,1,0,0
5982,"3,0331",16,57,3249,1,0,1,0
5983,"3,0331",16,24,576,1,1,0,1
5984,"3,0041",16,23,529,1,1,0,1
5985,"3,0041",5,23,529,0,1,0,0
5986,"2,9759",5,37,1369,0,0,1,0
5987,"2,9485",9,23,529,0,1,0,0
5988,"2,9485",5,30,900,0,0,1,0
5989,"2,8959",12,22,484,0,1,0,0
5990,"2,8706",5,27,729,1,0,1,0
5991,"2,8706",5,19,361,1,1,0,0
5992,"2,8706",5,22,484,1,1,0,0
5993,"2,8706",16,22,484,1,1,0,0
5994,"2,8706",5,42,1764,1,0,1,0
5995,"2,8706",12,24,576,1,1,0,0
5996,"2,8706",5,17,289,0,1,0,0
5997,"2,8459",12,20,400,1,1,0,0
5998,"2,8218",5,24,576,0,1,0,0
5999,"2,8218",16,28,784,1,1,0,0
6000,"2,8218",5,21,441,1,0,1,0
6001,"2,8218",5,23,529,1,1,0,0
6002,"2,7982",9,28,784,0,0,1,0
6003,"2,7982",16,24,576,1,1,0,0
6004,"2,7982",16,30,900,1,0,1,0
6005,"2,7753",5,50,2500,0,0,1,0
6006,"2,7753",5,60,3600,1,0,1,0
6007,"2,7753",5,20,400,1,1,0,0
6008,"2,7753",10,19,361,1,1,0,0
6009,"2,7753",10,21,441,1,1,0,0
6010,"2,7753",5,24,576,0,1,0,1
6011,"2,7753",12,35,1225,1,0,1,0
6012,"2,7753",12,28,784,1,1,0,0
6013,"2,7528",9,18,324,1,1,0,0
6014,"2,7528",5,55,3025,1,0,1,0
6015,"2,7528",5,24,576,1,0,1,0
6016,"2,7528",9,18,324,1,1,0,0
6017,"2,7528",16,26,676,1,0,1,1
6018,"2,7528",5,38,1444,1,0,1,0
6019,"2,7308",12,20,400,1,0,1,0
6020,"2,7308",5,40,1600,1,0,1,0
6021,"2,7308",12,23,529,0,1,0,0
6022,"2,7308",5,21,441,1,1,0,0
6023,"2,7308",12,23,529,1,1,0,0
6024,"2,7308",12,32,1024,1,0,1,0
6025,"2,7308",5,33,1089,0,0,1,0
6026,"2,7308",16,32,1024,1,0,1,1
6027,"2,7308",12,22,484,1,1,0,0
6028,"2,7308",9,30,900,1,0,1,0
6029,"2,7093",5,30,900,0,0,1,0
6030,"2,7093",12,24,576,1,1,0,0
6031,"2,7093",12,22,484,0,1,0,0
6032,"2,6882",5,41,1681,0,0,1,0
6033,"2,6882",5,37,1369,1,0,1,0
6034,"2,6882",5,40,1600,0,0,1,0
6035,"2,6882",5,29,841,1,0,1,0
6036,"2,6882",9,30,900,0,0,1,0
6037,"2,6882",5,21,441,1,1,0,0
6038,"2,6882",5,36,1296,1,0,1,0
6039,"2,6882",5,18,324,1,1,0,0
6040,"2,6882",5,22,484,0,0,1,0
6041,"2,6882",5,21,441,1,1,0,0
6042,"2,6882",5,22,484,0,1,0,0
6043,"2,6882",9,23,529,1,1,0,0
6044,"2,6882",9,18,324,1,1,0,0
6045,"2,6882",16,21,441,1,1,0,0
6046,"2,6882",12,45,2025,1,0,1,0
6047,"2,6882",5,25,625,1,1,0,0
6048,"2,6882",16,30,900,1,0,1,0
6049,"2,6882",5,36,1296,1,0,1,0
6050,"2,6882",5,19,361,1,1,0,0
6051,"2,6882",5,22,484,1,1,0,0
6052,"2,6882",9,18,324,0,1,0,0
6053,"2,6882",9,34,1156,1,0,1,0
6054,"2,6882",12,20,400,0,1,0,0
6055,"2,6882",12,23,529,1,1,0,0
6056,"2,6882",5,25,625,0,0,1,0
6057,"2,6882",5,30,900,0,0,1,0
6058,"2,6882",5,38,1444,0,0,1,0
6059,"2,6882",5,36,1296,1,0,1,0
6060,"2,6882",12,20,400,0,1,0,0
6061,"2,6882",12,32,1024,0,0,1,0
6062,"2,6882",12,47,2209,1,0,1,0
6063,"2,6882",5,50,2500,1,0,1,0
6064,"2,6882",5,20,400,1,1,0,0
6065,"2,6882",9,24,576,1,1,0,0
6066,"2,6882",5,45,2025,1,0,1,0
6067,"2,6882",12,22,484,1,1,0,1
6068,"2,6882",12,23,529,1,1,0,0
6069,"2,6882",12,30,900,1,1,0,0
6070,"2,6882",16,24,576,1,1,0,1
6071,"2,6882",10,52,2704,1,0,1,0
6072,"2,6882",5,38,1444,1,0,1,1
6073,"2,6882",5,28,784,1,1,0,0
6074,"2,6882",5,22,484,1,0,1,0
6075,"2,6882",5,33,1089,1,0,1,0
6076,"2,6882",9,21,441,1,0,1,0
6077,"2,6882",12,25,625,1,1,0,0
6078,"2,6882",12,37,1369,1,0,1,0
6079,"2,6882",5,45,2025,0,0,1,0
6080,"2,6882",9,18,324,1,1,0,0
6081,"2,6882",5,60,3600,1,0,1,0
6082,"2,6676",5,20,400,0,1,0,0
6083,"2,6676",9,22,484,0,1,0,0
6084,"2,6676",9,23,529,0,0,1,0
6085,"2,6676",5,35,1225,0,0,1,0
6086,"2,6276",5,37,1369,0,0,1,1
6087,"2,6082",5,25,625,0,1,0,0
6088,"2,6082",5,30,900,0,0,1,0
6089,"2,6082",5,35,1225,0,0,1,0
6090,"2,6082",10,21,441,1,1,0,0
6091,"2,6082",5,34,1156,0,0,1,0
6092,"2,5892",5,30,900,1,0,1,0
6093,"2,5892",5,46,2116,0,0,1,0
6094,"2,5892",5,50,2500,1,0,1,0
6095,"2,5892",5,36,1296,1,0,1,0
6096,"2,5892",10,30,900,1,0,1,0
6097,"2,5892",5,35,1225,1,0,1,0
6098,"2,5705",5,18,324,1,1,0,0
6099,"2,5705",12,22,484,0,1,0,0
6100,"2,5705",5,20,400,1,1,0,0
6101,"2,5705",5,35,1225,1,0,1,0
6102,"2,5705",10,24,576,1,1,0,0
6103,"2,5705",16,27,729,1,1,0,0
6104,"2,5705",5,23,529,1,0,1,0
6105,"2,5705",5,15,225,0,1,0,0
6106,"2,5705",12,30,900,1,0,1,0
6107,"2,5705",5,30,900,0,0,1,0
6108,"2,5705",5,32,1024,0,0,1,0
6109,"2,5705",5,36,1296,1,0,1,0
6110,"2,5705",5,50,2500,1,0,0,0
6111,"2,5705",5,28,784,1,1,0,0
6112,"2,5705",5,18,324,1,0,1,0
6113,"2,5705",5,35,1225,1,0,0,1
6114,"2,5521",5,35,1225,1,0,1,0
6115,"2,5521",5,20,400,1,1,0,0
6116,"2,5341",5,42,1764,0,0,1,0
6117,"2,5341",5,42,1764,1,0,1,0
6118,"2,5341",5,37,1369,0,0,1,0
6119,"2,5341",5,28,784,0,0,1,0
6120,"2,5341",5,54,2916,1,0,1,0
6121,"2,5341",10,25,625,0,1,0,0
6122,"2,5341",5,35,1225,1,1,0,0
6123,"2,5341",12,24,576,1,1,0,0
6124,"2,5341",12,30,900,1,0,1,0
6125,"2,5341",9,50,2500,1,0,1,0
6126,"2,5341",5,43,1849,0,0,1,0
6127,"2,5341",9,20,400,1,1,0,0
6128,"2,5341",5,21,441,1,1,0,0
6129,"2,5341",5,22,484,1,0,1,0
6130,"2,5341",5,28,784,0,1,0,0
6131,"2,5341",9,40,1600,1,0,1,0
6132,"2,5341",12,34,1156,0,0,1,0
6133,"2,5341",5,26,676,1,0,1,0
6134,"2,5341",9,20,400,0,0,1,0
6135,"2,5341",5,20,400,1,1,0,0
6136,"2,5164",10,45,2025,1,0,1,0
6137,"2,5164",5,50,2500,0,0,1,0
6138,"2,4990",5,26,676,1,0,1,0
6139,"2,4990",12,18,324,1,1,0,0
6140,"2,4990",5,19,361,1,1,0,0
6141,"2,4990",5,32,1024,1,0,1,0
6142,"2,4990",12,20,400,1,1,0,0
6143,"2,4990",12,26,676,1,1,0,0
6144,"2,4990",10,34,1156,1,0,1,0
6145,"2,4990",5,20,400,1,1,0,0
6146,"2,4990",5,32,1024,1,0,1,0
6147,"2,4990",5,46,2116,1,0,1,0
6148,"2,4990",12,45,2025,0,0,1,0
6149,"2,4819",10,36,1296,1,0,1,0
6150,"2,4819",12,45,2025,0,0,1,0
6151,"2,4651",5,55,3025,1,0,1,0
6152,"2,4651",5,27,729,1,0,1,0
6153,"2,4651",5,30,900,1,0,1,0
6154,"2,4651",9,28,784,1,0,1,0
6155,"2,4651",5,21,441,1,1,0,0
6156,"2,4651",12,17,289,1,1,0,0
6157,"2,4651",5,22,484,0,1,0,0
6158,"2,4651",12,21,441,1,0,1,0
6159,"2,4651",5,21,441,1,1,0,0
6160,"2,4651",9,28,784,1,1,0,0
6161,"2,4651",9,19,361,0,1,0,0
6162,"2,4651",12,23,529,1,1,0,0
6163,"2,4651",9,40,1600,1,0,1,0
6164,"2,4651",12,35,1225,1,0,1,0
6165,"2,4651",5,14,196,1,1,0,0
6166,"2,4651",5,28,784,0,0,1,0
6167,"2,4651",9,25,625,0,0,1,0
6168,"2,4651",12,23,529,1,1,0,0
6169,"2,4651",5,32,1024,1,0,1,0
6170,"2,4651",5,21,441,0,1,0,0
6171,"2,4651",9,20,400,1,1,0,0
6172,"2,4651",9,28,784,0,0,1,0
6173,"2,4651",5,36,1296,1,0,1,0
6174,"2,4651",12,50,2500,1,0,1,0
6175,"2,4651",5,36,1296,1,0,1,0
6176,"2,4651",9,20,400,1,0,1,0
6177,"2,4651",12,17,289,1,1,0,0
6178,"2,4651",12,25,625,1,0,1,0
6179,"2,4651",9,47,2209,1,0,1,0
6180,"2,4651",12,19,361,1,1,0,0
6181,"2,4651",5,25,625,1,0,1,0
6182,"2,4651",5,20,400,1,1,0,0
6183,"2,4486",5,42,1764,1,0,1,0
6184,"2,4486",5,60,3600,1,0,0,0
6185,"2,4323",9,26,676,0,0,0,0
6186,"2,4163",5,28,784,1,1,0,0
6187,"2,4163",5,17,289,0,1,0,0
6188,"2,4163",5,32,1024,0,0,1,0
6189,"2,4163",5,27,729,1,0,1,0
6190,"2,4163",12,30,900,1,0,1,0
6191,"2,4006",5,30,900,1,0,1,0
6192,"2,4006",12,28,784,0,0,1,0
6193,"2,3851",5,25,625,0,1,0,0
6194,"2,3698",5,59,3481,1,0,1,0
6195,"2,3698",9,37,1369,1,0,1,0
6196,"2,3698",5,27,729,0,0,1,0
6197,"2,3698",9,24,576,1,1,0,0
6198,"2,3399",12,22,484,1,1,0,0
6199,"2,3399",5,45,2025,1,0,0,0
6200,"2,3399",5,40,1600,0,0,1,0
6201,"2,3110",5,19,361,0,1,0,0
6202,"2,3110",5,45,2025,1,0,1,0
6203,"2,3110",5,24,576,1,0,1,0
6204,"2,3110",5,27,729,1,0,1,0
6205,"2,3110",5,28,784,1,0,1,0
6206,"2,3110",10,30,900,1,0,1,0
6207,"2,3110",5,40,1600,1,0,1,0
6208,"2,3110",9,60,3600,1,0,1,0
6209,"2,3110",5,53,2809,1,0,1,0
6210,"2,3110",5,25,625,1,1,0,0
6211,"2,3110",5,44,1936,1,0,1,0
6212,"2,2828",5,19,361,1,1,0,0
6213,"2,2828",9,23,529,1,1,0,0
6214,"2,2828",5,28,784,0,1,0,0
6215,"2,2828",5,28,784,0,0,1,0
6216,"2,2828",12,21,441,1,1,0,0
6217,"2,2828",9,32,1024,1,0,1,0
6218,"2,2828",5,40,1600,1,0,1,0
6219,"2,2828",5,28,784,1,0,1,0
6220,"2,2828",12,26,676,0,1,0,0
6221,"2,2828",5,35,1225,1,0,1,0
6222,"2,2828",12,25,625,1,1,0,0
6223,"2,1774",5,21,441,0,0,1,0
6224,"2,1774",5,40,1600,1,0,1,0
6225,"2,1527",12,52,2704,1,0,1,0
6226,"2,1406",5,27,729,0,1,0,0
6227,"2,1286",5,27,729,1,0,1,0
6228,"2,1286",5,55,3025,1,0,1,0
6229,"2,1286",12,40,1600,0,0,1,0
6230,"2,1286",5,40,1600,0,0,1,0
6231,"2,1286",5,22,484,1,0,1,0
6232,"2,1286",5,25,625,1,1,0,0
6233,"2,1286",5,40,1600,1,0,1,0
6234,"2,1286",5,30,900,1,0,1,0
6235,"2,1286",5,14,196,1,1,0,0
6236,"2,0821",5,25,625,1,1,0,0
6237,"2,7048",12,21,441,1,1,0,0
6238,"2,5155",5,18,324,1,1,0,0
6239,"2,4816",10,21,441,1,1,0,0
6240,"3,0087",9,42,1764,1,0,1,0
6241,"2,7210",9,34,1156,0,0,1,0
6242,"2,7210",5,28,784,0,1,0,0
6243,"2,6802",5,25,625,1,1,0,0
6244,"2,6033",5,27,729,1,1,0,0
6245,"2,4979",5,25,625,1,0,1,0
6246,"2,4979",5,28,784,1,0,1,0
6247,"2,4491",5,26,676,1,0,1,0
6248,"2,4026",10,25,625,1,0,1,0
6249,"2,3437",5,50,2500,1,0,1,0
6250,"2,3437",5,30,900,0,0,1,0
6251,"2,1614",5,36,1296,1,0,1,0
6252,"2,9351",12,35,1225,1,0,1,0
6253,"2,9351",16,20,400,0,1,0,0
6254,"2,7528",5,38,1444,0,0,1,0
6255,"2,7528",9,16,256,0,1,0,0
6256,"2,7528",16,38,1444,1,0,1,0
6257,"2,7528",12,50,2500,1,0,1,0
6258,"2,7528",5,40,1600,0,0,1,0
6259,"2,7528",5,40,1600,0,0,1,0
6260,"2,6922",5,20,400,0,0,1,1
6261,"2,6922",5,33,1089,0,0,1,0
6262,"2,6350",5,34,1156,0,0,1,0
6263,"2,5809",9,25,625,1,1,0,0
6264,"2,5635",9,22,484,1,1,0,0
6265,"2,5635",5,37,1369,1,0,1,0
6266,"2,5464",5,16,256,1,1,0,0
6267,"2,5296",16,32,1024,0,0,1,0
6268,"2,5296",5,33,1089,1,0,1,0
6269,"2,5131",12,30,900,1,0,1,0
6270,"2,4651",5,52,2704,1,0,1,0
6271,"2,4651",12,22,484,1,1,0,0
6272,"2,4343",5,30,900,0,0,1,0
6273,"2,3473",5,34,1156,1,0,1,0
6274,"2,3473",12,28,784,1,0,1,0
6275,"2,3199",9,28,784,1,0,1,0
6276,"2,8706",5,20,400,0,0,1,0
6277,"2,7836",9,27,729,0,0,1,0
6278,"2,7629",5,45,2025,0,0,1,0
6279,"2,7427",5,40,1600,1,0,1,0
6280,"2,6658",5,58,3364,1,0,1,0
6281,"2,6294",5,35,1225,1,0,1,0
6282,"2,6294",9,36,1296,0,0,1,0
6283,"2,5604",5,23,529,1,1,0,0
6284,"2,4063",5,36,1296,0,0,1,0
6285,"2,3781",5,45,2025,1,0,1,0
6286,"2,2239",5,30,900,0,0,1,0
6287,"2,2239",5,30,900,1,0,1,0
6288,"2,8134",5,27,729,0,0,1,0
6289,"2,7334",9,35,1225,1,0,1,0
6290,"2,7143",16,26,676,1,1,0,0
6291,"2,6956",5,32,1024,1,0,1,0
6292,"2,6773",5,39,1521,0,0,1,0
6293,"2,6242",9,30,900,1,0,1,0
6294,"2,6242",9,30,900,1,0,1,0
6295,"2,5415",12,25,625,0,0,1,0
6296,"2,4361",5,22,484,0,0,1,0
6297,"2,4361",9,35,1225,1,0,1,0
6298,"2,7872",12,26,676,0,1,0,0
6299,"2,6739",10,37,1369,1,0,1,0
6300,"2,6049",12,42,1764,1,0,1,0
6301,"2,6049",5,40,1600,0,0,1,0
6302,"3,1872",16,38,1444,1,0,1,0
6303,"3,1872",12,30,900,1,0,1,1
6304,"3,1583",5,35,1225,1,0,0,0
6305,"3,1583",5,60,3600,0,0,1,0
6306,"3,0500",5,35,1225,0,0,1,0
6307,"3,0247",12,25,625,0,0,1,0
6308,"2,9524",16,22,484,1,1,0,1
6309,"2,9294",12,35,1225,1,0,1,0
6310,"2,9294",5,25,625,0,1,0,0
6311,"2,9294",16,28,784,0,0,1,0
6312,"2,9069",9,32,1024,0,0,1,0
6313,"2,9069",9,25,625,1,1,0,0
6314,"2,8850",12,35,1225,1,0,1,0
6315,"2,8850",5,16,256,1,1,0,0
6316,"2,8850",12,25,625,0,0,1,0
6317,"2,8850",5,21,441,1,1,0,0
6318,"2,8424",5,35,1225,0,0,1,0
6319,"2,8424",12,27,729,1,1,0,0
6320,"2,8424",5,26,676,1,0,1,0
6321,"2,8424",5,40,1600,1,0,1,0
6322,"2,8424",5,18,324,0,1,0,0
6323,"2,8424",9,23,529,1,1,0,0
6324,"2,8424",5,28,784,1,1,0,0
6325,"2,8424",5,40,1600,1,0,1,0
6326,"2,8424",10,27,729,1,1,0,1
6327,"2,8424",9,31,961,1,1,0,0
6328,"2,8424",5,22,484,1,1,0,0
6329,"2,8424",5,23,529,0,0,1,0
6330,"2,8424",9,56,3136,1,0,1,0
6331,"2,8424",12,32,1024,1,0,1,0
6332,"2,8424",12,40,1600,1,0,1,0
6333,"2,8424",12,45,2025,1,0,1,0
6334,"2,8424",12,27,729,1,0,1,0
6335,"2,8424",12,22,484,0,1,0,0
6336,"2,8424",5,22,484,1,0,1,0
6337,"2,8424",12,33,1089,1,0,1,0
6338,"2,8424",16,28,784,1,1,0,0
6339,"2,8424",9,31,961,1,0,1,0
6340,"2,8218",5,32,1024,1,0,1,0
6341,"2,8218",16,26,676,1,0,1,0
6342,"2,8218",5,18,324,1,1,0,0
6343,"2,8016",5,28,784,1,1,0,0
6344,"2,8016",5,23,529,1,1,0,0
6345,"2,8016",9,30,900,0,0,1,0
6346,"2,7818",9,32,1024,1,0,1,0
6347,"2,7624",5,39,1521,1,0,1,0
6348,"2,7624",12,30,900,1,1,0,0
6349,"2,7624",5,48,2304,1,0,1,0
6350,"2,7433",5,41,1681,1,0,1,0
6351,"2,7246",5,45,2025,0,0,1,0
6352,"2,7246",5,40,1600,0,0,1,0
6353,"2,7246",10,26,676,1,1,0,0
6354,"2,7246",9,28,784,1,0,1,0
6355,"2,7246",12,19,361,0,1,0,0
6356,"2,7246",5,22,484,0,1,0,0
6357,"2,7246",9,18,324,0,1,0,0
6358,"2,7246",12,26,676,1,0,1,0
6359,"2,7246",5,27,729,1,0,1,0
6360,"2,7063",5,35,1225,1,0,1,0
6361,"2,6882",12,42,1764,1,0,1,0
6362,"2,6882",5,23,529,0,0,1,0
6363,"2,6882",12,27,729,1,1,0,0
6364,"2,6882",5,40,1600,1,0,1,0
6365,"2,6882",9,44,1936,1,0,1,0
6366,"2,6882",5,32,1024,1,0,1,0
6367,"2,6882",5,26,676,1,0,1,0
6368,"2,6882",9,20,400,1,0,1,0
6369,"2,6705",9,29,841,1,0,1,0
6370,"2,6532",9,18,324,1,1,0,0
6371,"2,6532",5,16,256,0,1,0,0
6372,"2,6361",12,30,900,1,0,1,0
6373,"2,6193",5,35,1225,1,0,1,0
6374,"2,6193",5,18,324,0,1,0,0
6375,"2,6193",5,40,1600,0,0,1,0
6376,"2,6193",5,23,529,1,1,0,0
6377,"2,6193",10,34,1156,1,0,1,0
6378,"2,6193",5,22,484,1,0,1,0
6379,"2,6193",16,28,784,1,1,0,0
6380,"2,6193",5,55,3025,1,0,1,0
6381,"2,6193",5,40,1600,1,0,1,0
6382,"2,6193",12,20,400,1,1,0,0
6383,"2,5865",10,45,2025,1,0,1,0
6384,"2,5865",16,39,1521,1,0,1,0
6385,"2,5705",5,30,900,1,0,1,0
6386,"2,5705",12,19,361,1,1,0,0
6387,"2,5392",5,20,400,0,0,1,0
6388,"2,5239",5,30,900,0,0,1,0
6389,"2,5239",9,40,1600,0,0,1,0
6390,"2,5239",5,35,1225,1,0,1,0
6391,"2,4651",5,21,441,0,0,1,0
6392,"2,4651",5,22,484,1,0,1,0
6393,"2,4651",5,28,784,1,0,1,0
6394,"2,4651",5,36,1296,0,0,1,0
6395,"2,4651",5,25,625,0,0,1,0
6396,"2,4651",9,30,900,0,0,1,0
6397,"2,4651",5,45,2025,1,0,1,0
6398,"2,4651",5,27,729,1,0,1,0
6399,"2,4651",5,33,1089,1,1,0,0
6400,"2,4369",5,20,400,0,1,0,0
6401,"2,4369",5,30,900,1,0,1,0
6402,"2,4369",12,44,1936,1,0,1,0
6403,"2,4369",12,22,484,1,1,0,0
6404,"2,3698",5,31,961,0,0,1,0
6405,"2,3698",5,34,1156,1,0,1,1
6406,"2,3569",5,52,2704,0,0,1,0
6407,"2,3316",5,55,3025,0,0,1,0
6408,"2,2828",5,40,1600,0,0,1,0
6409,"2,2828",5,30,900,0,0,1,0
6410,"2,2828",9,40,1600,1,0,1,0
6411,"2,2138",5,25,625,1,1,0,0
6412,"3,1583",5,42,1764,1,0,1,0
6413,"3,1583",12,40,1600,1,0,1,0
6414,"3,0282",9,17,289,0,1,0,0
6415,"2,8706",12,23,529,1,1,0,0
6416,"2,8706",5,22,484,0,0,1,0
6417,"2,8706",5,40,1600,1,0,1,0
6418,"2,8706",12,20,400,1,1,0,0
6419,"2,7344",16,34,1156,1,0,1,0
6420,"2,6474",12,39,1521,1,0,1,0
6421,"2,6474",12,30,900,1,0,1,0
6422,"2,6474",12,20,400,1,1,0,0
6423,"2,5521",12,25,625,1,0,1,0
6424,"2,5521",5,44,1936,1,0,1,0
6425,"2,4933",5,40,1600,1,0,1,0
6426,"2,4651",5,32,1024,1,0,1,0
6427,"2,4651",12,20,400,0,1,0,0
6428,"2,4110",5,25,625,0,0,1,0
6429,"2,3110",5,32,1024,1,1,0,0
6430,"2,8980",10,28,784,1,1,0,0
6431,"2,8373",12,26,676,1,1,0,0
6432,"2,8179",16,30,900,1,0,1,0
6433,"2,7802",12,25,625,0,1,0,0
6434,"2,7802",12,42,1764,1,0,1,0
6435,"2,7261",5,19,361,1,1,0,0
6436,"2,5207",5,40,1600,0,0,1,0
6437,"3,2123",5,52,2704,1,0,1,0
6438,"3,1070",12,27,729,0,0,1,0
6439,"3,0823",5,40,1600,0,0,1,0
6440,"2,9246",12,32,1024,0,0,1,0
6441,"2,9246",10,20,400,1,1,0,0
6442,"2,9246",5,40,1600,1,0,1,0
6443,"2,9246",5,42,1764,1,0,1,0
6444,"2,8069",5,21,441,1,1,0,0
6445,"2,6687",5,34,1156,0,0,1,0
6446,"3,1583",5,35,1225,0,0,1,0
6447,"3,0152",5,40,1600,0,0,1,0
6448,"2,9932",5,20,400,0,1,0,0
6449,"2,7614",10,31,961,1,0,1,0
6450,"5,4608",12,31,961,0,0,1,0
6451,"3,8026",5,32,1024,0,0,1,0
6452,"3,4798",5,34,1156,1,0,1,0
6453,"3,4798",16,28,784,1,0,1,1
6454,"3,3208",16,26,676,0,0,1,0
6455,"3,3208",16,36,1296,1,0,1,1
6456,"3,2918",10,26,676,0,0,1,0
6457,"3,2918",12,22,484,1,1,0,0
6458,"3,2636",16,22,484,0,1,0,0
6459,"3,1836",16,24,576,1,1,0,1
6460,"3,1836",9,50,2500,1,0,1,0
6461,"3,1583",9,32,1024,0,0,1,0
6462,"3,1095",5,27,729,1,1,0,0
6463,"3,1095",5,22,484,1,1,0,0
6464,"3,0629",16,55,3025,1,0,1,0
6465,"3,0405",5,43,1849,1,0,0,0
6466,"3,0405",5,32,1024,0,0,1,0
6467,"3,0185",12,24,576,1,1,0,0
6468,"3,0185",10,25,625,1,1,0,0
6469,"3,0185",10,35,1225,1,0,1,0
6470,"3,0185",10,22,484,1,1,0,0
6471,"3,0185",5,46,2116,1,0,1,0
6472,"2,9970",5,20,400,1,1,0,0
6473,"2,9970",5,25,625,1,0,1,0
6474,"2,9970",5,20,400,1,1,0,0
6475,"2,9759",5,44,1936,0,0,1,0
6476,"2,9759",5,22,484,1,1,0,0
6477,"2,9759",9,32,1024,1,0,1,0
6478,"2,9759",9,18,324,1,1,0,0
6479,"2,9759",5,35,1225,1,0,1,0
6480,"2,9759",16,56,3136,1,0,1,0
6481,"2,9759",5,22,484,0,1,0,0
6482,"2,9759",12,22,484,0,1,0,0
6483,"2,9759",9,40,1600,0,0,1,0
6484,"2,9759",12,22,484,0,1,0,0
6485,"2,9759",12,22,484,1,1,0,0
6486,"2,9759",12,38,1444,0,0,1,0
6487,"2,9759",12,52,2704,1,0,1,0
6488,"2,9759",16,50,2500,1,0,1,0
6489,"2,9759",10,48,2304,1,0,1,0
6490,"2,9759",5,40,1600,1,0,1,0
6491,"2,9759",10,37,1369,1,0,1,0
6492,"2,9759",5,40,1600,1,0,1,0
6493,"2,9759",5,38,1444,1,0,1,0
6494,"2,9759",5,28,784,1,0,1,0
6495,"2,9759",5,30,900,1,0,1,0
6496,"2,9553",5,35,1225,1,0,1,0
6497,"2,9553",9,18,324,1,1,0,0
6498,"2,9153",5,27,729,0,0,1,0
6499,"2,9153",5,35,1225,1,0,1,0
6500,"2,8959",16,38,1444,1,0,1,0
6501,"2,8768",5,50,2500,0,0,1,0
6502,"2,8768",5,38,1444,0,0,1,0
6503,"2,8581",12,24,576,0,0,1,0
6504,"2,8581",12,50,2500,0,0,1,0
6505,"2,8581",5,23,529,0,0,1,0
6506,"2,8581",5,19,361,0,1,0,0
6507,"2,8581",10,30,900,1,0,1,0
6508,"2,8581",5,45,2025,1,0,1,0
6509,"2,8581",12,25,625,1,1,0,0
6510,"2,8398",5,42,1764,1,0,1,0
6511,"2,8398",9,36,1296,0,0,1,0
6512,"2,8218",5,36,1296,1,0,1,0
6513,"2,8218",12,22,484,0,1,0,0
6514,"2,8218",5,25,625,0,0,1,0
6515,"2,8218",5,31,961,1,0,1,0
6516,"2,8218",9,48,2304,1,0,1,0
6517,"2,7867",9,23,529,0,1,0,0
6518,"2,7867",9,35,1225,0,0,1,0
6519,"2,7696",5,23,529,1,0,1,0
6520,"2,7696",10,35,1225,0,0,1,0
6521,"2,7696",5,27,729,0,0,1,0
6522,"2,7696",5,26,676,1,0,1,0
6523,"2,7528",5,32,1024,1,0,1,0
6524,"2,7528",5,22,484,1,1,0,0
6525,"2,7528",9,32,1024,1,0,1,0
6526,"2,7528",5,18,324,1,1,0,0
6527,"2,7528",10,45,2025,1,0,1,0
6528,"2,7528",16,26,676,1,1,0,0
6529,"2,7528",12,21,441,1,1,0,0
6530,"2,7528",5,38,1444,0,0,1,0
6531,"2,7528",5,35,1225,1,0,1,0
6532,"2,7528",5,42,1764,0,0,1,0
6533,"2,7528",5,34,1156,1,0,1,0
6534,"2,7528",12,31,961,1,1,0,0
6535,"2,7528",9,35,1225,1,0,1,0
6536,"2,7528",12,29,841,1,0,1,0
6537,"2,7363",9,27,729,0,1,0,0
6538,"2,7363",5,50,2500,1,0,1,0
6539,"2,7200",10,36,1296,1,0,1,0
6540,"2,7200",5,36,1296,1,0,1,0
6541,"2,7040",9,24,576,0,0,1,0
6542,"2,6882",5,37,1369,0,0,1,0
6543,"2,6882",5,26,676,0,0,1,0
6544,"2,6727",5,40,1600,1,0,1,0
6545,"2,6727",5,24,576,1,1,0,0
6546,"2,6727",5,49,2401,0,0,1,0
6547,"2,6575",5,25,625,1,1,0,0
6548,"2,6575",12,26,676,0,0,1,0
6549,"2,6276",9,50,2500,1,0,1,0
6550,"2,5986",5,42,1764,0,0,1,0
6551,"2,5986",5,25,625,0,1,0,0
6552,"2,5986",5,38,1444,1,0,1,0
6553,"2,5986",5,38,1444,1,0,1,0
6554,"2,5986",5,52,2704,1,0,1,0
6555,"2,5986",5,21,441,1,1,0,0
6556,"2,5986",5,37,1369,0,0,1,0
6557,"2,5986",12,26,676,0,1,0,0
6558,"2,5986",5,50,2500,0,0,1,0
6559,"2,5986",12,55,3025,1,0,1,0
6560,"2,5986",5,35,1225,1,0,1,0
6561,"2,5986",5,39,1521,1,0,1,0
6562,"2,5705",12,28,784,1,0,1,0
6563,"2,5705",5,22,484,1,1,0,0
6564,"2,5705",5,25,625,0,0,1,0
6565,"2,5705",5,40,1600,1,0,1,0
6566,"2,5705",5,45,2025,1,0,0,0
6567,"2,5705",5,37,1369,1,0,1,0
6568,"2,5705",5,24,576,1,1,0,0
6569,"2,5431",5,24,576,0,1,0,0
6570,"2,5033",5,34,1156,0,0,1,0
6571,"2,4904",5,24,576,0,0,1,0
6572,"2,4651",9,45,2025,1,0,1,0
6573,"2,4404",5,29,841,0,0,1,0
6574,"2,4163",5,25,625,0,0,1,0
6575,"2,4163",5,18,324,1,1,0,0
6576,"2,4163",5,23,529,1,1,0,0
6577,"2,9206",5,28,784,0,0,1,0
6578,"2,9206",5,37,1369,0,0,1,0
6579,"2,9015",5,55,3025,0,0,1,0
6580,"2,7775",5,28,784,1,0,1,0
6581,"2,7775",12,33,1089,1,0,1,0
6582,"3,0673",9,24,576,1,1,0,0
6583,"3,0247",12,24,576,1,1,0,0
6584,"3,0247",9,18,324,0,1,0,0
6585,"3,0247",12,29,841,1,1,0,0
6586,"3,0247",5,25,625,0,0,1,0
6587,"3,0247",10,35,1225,1,0,1,0
6588,"2,9447",5,40,1600,1,0,1,0
6589,"2,9069",12,31,961,1,0,1,0
6590,"2,8706",12,26,676,0,1,0,0
6591,"2,8016",5,22,484,1,0,1,0
6592,"2,8016",10,40,1600,0,0,1,0
6593,"2,7528",5,30,900,1,1,0,0
6594,"2,7063",5,29,841,0,0,1,0
6595,"2,3110",16,36,1296,1,0,1,0
6596,"2,8824",12,23,529,1,1,0,0
6597,"3,0483",5,40,1600,0,0,1,0
6598,"3,0276",5,37,1369,0,0,1,0
6599,"2,9682",5,35,1225,1,0,1,0
6600,"2,6710",5,52,2704,1,0,1,0
6601,"2,6710",10,25,625,1,0,1,0
6602,"2,6020",9,42,1764,0,0,1,0
6603,"2,5127",5,14,196,1,1,0,0
6604,"2,4886",5,32,1024,0,0,1,0
6605,"2,9721",5,26,676,0,0,1,0
6606,"2,7229",9,46,2116,1,0,1,0
6607,"5,1732",16,22,484,1,1,0,0
6608,"3,3540",9,23,529,0,1,0,0
6609,"3,3014",10,60,3600,1,0,1,0
6610,"3,1807",10,32,1024,1,0,1,0
6611,"3,1583",10,18,324,1,1,0,0
6612,"3,1583",5,50,2500,1,0,1,0
6613,"3,0937",16,53,2809,1,0,1,0
6614,"3,0937",5,34,1156,0,0,1,0
6615,"3,0937",5,46,2116,0,0,1,0
6616,"3,0937",5,50,2500,0,0,1,0
6617,"3,0937",16,24,576,1,1,0,0
6618,"3,0937",5,35,1225,1,0,1,0
6619,"3,0529",12,36,1296,1,0,1,0
6620,"3,0331",10,22,484,1,1,0,0
6621,"3,0137",12,18,324,0,1,0,0
6622,"3,0137",5,33,1089,1,0,1,0
6623,"3,0137",5,38,1444,0,0,1,0
6624,"2,9759",5,30,900,0,0,1,0
6625,"2,9759",5,56,3136,0,0,1,0
6626,"2,9396",9,38,1444,1,0,1,0
6627,"2,9396",12,22,484,0,1,0,0
6628,"2,9396",5,55,3025,1,0,1,0
6629,"2,9045",9,24,576,1,1,0,0
6630,"2,9045",9,30,900,1,0,1,0
6631,"2,9045",16,36,1296,1,0,1,0
6632,"2,8874",12,41,1681,1,0,1,0
6633,"2,8706",12,32,1024,1,0,1,0
6634,"2,8706",12,54,2916,1,0,1,0
6635,"2,8706",12,27,729,1,1,0,0
6636,"2,8706",5,35,1225,0,0,1,0
6637,"2,8706",5,24,576,1,0,1,0
6638,"2,8540",5,45,2025,0,0,1,0
6639,"2,7905",5,18,324,0,1,0,0
6640,"2,7454",5,19,361,1,1,0,0
6641,"2,7454",5,30,900,1,0,1,0
6642,"2,7164",5,35,1225,0,0,1,0
6643,"2,7164",10,35,1225,1,0,1,0
6644,"2,7164",5,42,1764,1,0,1,0
6645,"2,7164",12,43,1849,0,0,1,0
6646,"2,7164",5,52,2704,1,0,1,0
6647,"2,6882",5,32,1024,1,0,1,0
6648,"2,6882",5,25,625,0,0,1,0
6649,"2,6882",12,18,324,1,1,0,0
6650,"2,6882",12,40,1600,1,0,1,0
6651,"2,6882",5,46,2116,1,0,1,0
6652,"2,6211",5,32,1024,1,0,1,0
6653,"2,6082",5,35,1225,0,0,1,1
6654,"2,5341",12,24,576,1,1,0,0
6655,"3,1473",9,30,900,0,0,1,0
6656,"3,0112",5,29,841,1,0,1,0
6657,"3,1157",5,25,625,1,0,1,0
6658,"2,8925",12,45,2025,1,0,1,0
6659,"2,7674",12,22,484,0,1,0,0
6660,"2,7384",12,35,1225,1,0,1,0
6661,"2,7102",12,35,1225,1,0,1,0
6662,"2,6562",5,51,2601,1,0,1,0
6663,"3,1372",5,28,784,1,0,1,0
6664,"3,0194",5,37,1369,0,0,1,0
6665,"2,9830",12,29,841,1,0,1,0
6666,"2,9480",5,26,676,1,0,1,0
6667,"5,9308",5,41,1681,0,0,1,0
6668,"3,1583",9,45,2025,1,0,1,0
6669,"2,9690",5,45,2025,1,1,0,0
6670,"2,9690",5,36,1296,1,0,1,0
6671,"2,8099",5,55,3025,1,0,1,0
6672,"2,5986",5,18,324,1,1,0,0
6673,"3,0798",12,35,1225,1,0,1,0
6674,"3,8514",16,30,900,1,1,0,0
6675,"3,5149",16,29,841,1,0,1,0
6676,"3,3814",16,23,529,1,1,0,0
6677,"3,3326",12,30,900,1,0,1,0
6678,"3,3326",12,40,1600,1,0,1,0
6679,"3,2861",9,30,900,1,0,1,0
6680,"3,2861",16,26,676,1,1,0,0
6681,"3,2636",5,33,1089,0,0,1,0
6682,"3,2636",5,55,3025,1,0,1,0
6683,"3,2416",12,48,2304,1,0,1,0
6684,"3,1991",16,35,1225,1,0,1,0
6685,"3,1991",12,32,1024,1,0,1,0
6686,"3,1991",12,40,1600,1,0,1,0
6687,"3,1991",9,33,1089,1,1,0,0
6688,"3,1991",12,40,1600,1,0,1,0
6689,"3,1991",16,23,529,1,1,0,1
6690,"3,1991",12,34,1156,0,0,1,0
6691,"3,1991",16,35,1225,1,0,1,0
6692,"3,1991",10,44,1936,1,0,1,0
6693,"3,1991",16,51,2601,1,0,1,0
6694,"3,1785",5,45,2025,1,0,1,0
6695,"3,1190",5,27,729,1,1,0,0
6696,"3,0813",12,28,784,1,0,1,0
6697,"3,0813",12,53,2809,1,0,1,0
6698,"3,0629",5,38,1444,0,0,1,0
6699,"3,0629",5,60,3600,1,0,1,0
6700,"3,0449",5,25,625,0,0,1,0
6701,"3,0449",9,30,900,1,0,1,0
6702,"3,0449",12,32,1024,1,0,1,0
6703,"3,0449",9,37,1369,0,0,1,0
6704,"3,0272",5,31,961,1,0,1,0
6705,"3,0098",5,42,1764,1,0,1,0
6706,"2,9927",5,32,1024,1,0,1,0
6707,"2,9759",5,45,2025,0,0,1,0
6708,"2,9759",5,37,1369,1,0,1,0
6709,"2,9759",12,35,1225,1,0,1,0
6710,"2,9759",9,30,900,1,1,0,0
6711,"2,9759",5,44,1936,1,0,1,0
6712,"2,9114",5,40,1600,1,0,1,0
6713,"2,8959",5,30,900,0,0,1,0
6714,"2,8218",5,37,1369,0,0,1,0
6715,"2,8218",9,28,784,1,0,1,0
6716,"2,8218",5,32,1024,0,0,1,0
6717,"2,7936",12,28,784,1,0,1,0
6718,"2,6395",5,42,1764,1,0,1,0
6719,"2,6395",5,35,1225,1,0,1,0
6720,"2,6395",5,30,900,1,1,0,0
6721,"2,6395",5,45,2025,1,0,1,0
6722,"2,6395",5,54,2916,1,0,1,0
6723,"2,6593",5,27,729,1,0,1,0
6724,"3,2383",5,18,324,1,1,0,0
6725,"3,0152",10,31,961,1,0,1,0
6726,"3,0994",12,32,1024,0,0,1,0
6727,"3,1032",5,40,1600,0,0,1,0
6728,"3,1032",5,33,1089,0,0,1,0
6729,"3,2760",12,36,1296,1,0,1,0
6730,"3,0041",5,33,1089,0,0,1,0
6731,"2,8987",5,28,784,1,1,0,0
6732,"3,4279",12,52,2704,1,0,1,0
6733,"3,3589",5,48,2304,1,0,1,0
6734,"3,2944",5,35,1225,1,0,1,0
6735,"3,2944",9,20,400,0,1,0,0
6736,"3,1583",5,38,1444,0,0,1,0
6737,"3,1402",5,45,2025,1,0,1,0
6738,"3,1402",9,25,625,0,1,0,0
6739,"3,1051",16,32,1024,1,0,1,0
6740,"2,9171",5,24,576,0,0,0,0
6741,"2,9171",5,30,900,1,0,1,0
6742,"2,9171",5,47,2209,1,0,0,0
6743,"2,8889",5,35,1225,1,0,1,0
6744,"2,8889",5,40,1600,1,0,1,0
6745,"2,7348",5,28,784,1,1,0,0
6746,"2,6547",5,42,1764,0,0,1,0
6747,"3,3335",5,27,729,0,0,1,0
6748,"3,0893",16,39,1521,1,0,1,0
6749,"3,4877",16,36,1296,1,0,1,0
6750,"3,0116",5,45,2025,1,0,1,0
6751,"3,3475",5,14,196,1,1,0,0
6752,"3,1933",5,34,1156,0,0,1,0
6753,"3,1243",12,19,361,0,1,0,0
6754,"3,6972",16,35,1225,1,0,1,1
6755,"3,5637",12,37,1369,1,0,1,0
6756,"3,4914",9,30,900,0,0,1,0
6757,"3,4684",5,50,2500,1,0,1,0
6758,"3,4459",16,38,1444,0,0,1,0
6759,"3,4459",10,32,1024,1,0,1,0
6760,"3,4240",5,38,1444,1,0,1,0
6761,"3,3814",16,30,900,1,1,0,0
6762,"3,3814",5,24,576,1,1,0,0
6763,"3,3814",16,35,1225,1,0,1,0
6764,"3,3814",12,18,324,0,1,0,0
6765,"3,3814",12,35,1225,0,0,1,0
6766,"3,3406",5,40,1600,1,0,1,0
6767,"3,3406",5,26,676,1,1,0,0
6768,"3,3406",10,37,1369,1,0,1,0
6769,"3,2636",5,20,400,0,0,1,0
6770,"3,2453",9,32,1024,0,0,1,0
6771,"3,2272",9,35,1225,1,0,1,0
6772,"3,2272",12,32,1024,1,1,0,0
6773,"3,1922",12,32,1024,1,0,1,0
6774,"3,1922",5,40,1600,1,0,1,0
6775,"3,1583",9,35,1225,1,0,1,0
6776,"3,1583",9,36,1296,1,0,1,0
6777,"3,1583",16,50,2500,1,0,1,0
6778,"3,1583",10,38,1444,1,0,1,0
6779,"3,1583",16,38,1444,1,0,1,0
6780,"3,1255",5,36,1296,0,0,1,0
6781,"3,1255",12,44,1936,0,0,1,0
6782,"3,0937",12,27,729,1,1,0,0
6783,"3,0782",5,48,2304,1,0,1,0
6784,"3,0331",12,40,1600,1,0,1,0
6785,"3,0041",12,25,625,1,0,1,0
6786,"3,0041",5,32,1024,0,0,1,0
6787,"2,9759",9,29,841,1,0,1,0
6788,"2,9759",9,55,3025,1,0,1,0
6789,"2,9351",5,22,484,1,0,1,0
6790,"2,9088",5,39,1521,1,0,1,0
6791,"2,8459",9,50,2500,0,0,1,0
6792,"2,7982",5,20,400,0,0,1,0
6793,"3,7590",16,27,729,1,1,0,0
6794,"3,2600",16,30,900,1,0,1,0
6795,"3,0087",5,28,784,0,0,1,0
6796,"3,5484",5,47,2209,0,0,1,0
6797,"3,5040",9,45,2025,0,0,1,0
6798,"3,4614",5,42,1764,0,0,1,0
6799,"3,4008",10,24,576,1,1,0,0
6800,"3,2722",5,45,2025,0,0,1,0
6801,"3,2722",5,36,1296,1,0,1,0
6802,"3,1430",5,29,841,0,0,1,0
6803,"2,9506",5,37,1369,1,1,0,0
6804,"3,5936",16,23,529,1,1,0,0
6805,"3,2834",10,47,2209,1,0,1,0
6806,"3,6691",16,27,729,1,1,0,0
6807,"3,6226",16,36,1296,1,0,1,0
6808,"3,5781",16,24,576,1,1,0,0
6809,"3,4555",5,38,1444,1,0,1,0
6810,"3,4365",5,47,2209,1,0,1,0
6811,"3,4178",16,34,1156,1,1,0,0
6812,"3,3994",16,50,2500,1,0,1,0
6813,"3,3814",5,33,1089,0,0,1,0
6814,"3,2796",5,34,1156,1,0,1,0
6815,"2,9759",9,47,2209,1,0,1,0
6816,"4,0337",16,24,576,1,1,0,1
6817,"3,6972",10,32,1024,1,0,1,0
6818,"3,5637",12,28,784,0,0,1,0
6819,"3,6045",5,25,625,0,1,0,0
6820,"3,2861",5,45,2025,1,0,1,0
6821,"3,2272",5,48,2304,1,0,1,0
6822,"3,9849",16,60,3600,1,0,1,1
6823,"3,9027",16,41,1681,1,0,1,1
6824,"3,7116",16,30,900,1,0,1,1
6825,"3,6691",10,42,1764,1,0,1,0
6826,"3,6691",16,35,1225,1,1,0,0
6827,"3,6691",16,58,3364,1,0,1,0
6828,"3,6485",5,28,784,0,0,1,0
6829,"3,6085",10,26,676,1,0,1,1
6830,"3,4798",16,40,1600,1,0,1,0
6831,"3,4459",12,52,2704,1,0,1,0
6832,"3,4459",10,31,961,1,0,1,0
6833,"3,7297",5,52,2704,0,0,1,0
6834,"3,6119",12,21,441,1,1,0,0
6835,"3,6294",5,45,2025,0,0,1,0
6836,"3,7869",12,40,1600,1,0,1,0
6837,"3,5637",16,35,1225,1,0,1,0
6838,"3,3814",5,43,1849,1,0,1,0
6839,"3,3540",5,46,2116,1,0,1,0
6840,"3,7744",5,48,2304,1,0,1,0
6841,"3,4279",5,50,2500,1,0,1,0
6842,"3,6804",16,26,676,1,1,0,0
6843,"4,0745",16,30,900,1,0,1,0
6844,"4,0745",16,30,900,1,0,1,0
6845,"4,4312",16,32,1024,1,0,1,0
6846,"4,4800",16,27,729,1,0,1,0
6847,"4,4883",5,26,676,0,1,0,0
6848,"5,0041",16,27,729,1,1,0,0
6849,"4,7677",16,30,900,1,1,0,0
6850,"4,9058",5,44,1936,1,0,1,0
6851,"4,9058",9,32,1024,1,0,1,0
6852,"5,2272",5,22,484,1,1,0,0
6853,"5,6404",12,20,400,1,1,0,0
6854,"5,9671",5,18,324,0,1,0,0
6855,"1,3665",5,50,2500,0,0,1,0
6856,"1,1152",10,26,676,1,1,0,0
6857,"1,0654",5,40,1600,0,0,1,0
6858,"1,5000",5,15,225,1,1,0,0
6859,"1,7720",5,36,1296,1,0,1,1
6860,"1,5896",5,40,1600,0,0,1,0
6861,"2,0878",12,17,289,0,1,0,1
6862,"2,1968",16,22,484,1,1,0,1
6863,"1,6289",12,18,324,0,1,0,0
6864,"1,8461",10,23,529,0,1,0,0
6865,"2,1286",16,25,625,1,0,1,0
6866,"2,0821",12,28,784,1,1,0,1
6867,"1,9951",5,23,529,1,1,0,0
6868,"1,9951",9,15,225,1,1,0,1
6869,"1,9951",12,17,289,1,1,0,1
6870,"1,8059",12,20,400,1,1,0,0
6871,"1,7392",5,20,400,1,1,0,0
6872,"1,4355",5,47,2209,1,0,1,0
6873,"2,1203",5,35,1225,1,0,1,0
6874,"1,9543",5,50,2500,0,0,1,0
6875,"2,4163",5,30,900,0,1,0,0
6876,"2,4163",10,20,400,1,1,0,0
6877,"2,2828",5,45,2025,1,0,1,0
6878,"2,1837",16,46,2116,0,0,1,0
6879,"2,1650",5,40,1600,0,0,1,0
6880,"2,1650",9,20,400,0,1,0,0
6881,"2,1286",12,40,1600,1,0,1,0
6882,"2,0935",12,28,784,1,0,1,0
6883,"2,0764",9,18,324,1,1,0,0
6884,"2,0596",5,23,529,0,1,0,0
6885,"2,0108",5,42,1764,0,0,1,0
6886,"1,7232",5,60,3600,0,0,1,0
6887,"2,1084",5,28,784,0,0,1,0
6888,"2,3991",9,30,900,1,1,0,0
6889,"2,2239",5,45,2025,0,0,1,0
6890,"2,2239",9,32,1024,1,0,1,0
6891,"2,1549",5,22,484,0,1,0,0
6892,"2,1549",12,18,324,0,1,0,0
6893,"2,0008",9,28,784,1,1,0,0
6894,"1,9055",12,23,529,1,1,0,0
6895,"2,1286",5,48,2304,0,0,1,0
6896,"1,8629",12,32,1024,0,0,1,0
6897,"2,4651",5,30,900,0,0,1,0
6898,"2,4651",9,20,400,0,0,1,0
6899,"2,4651",5,30,900,1,0,1,0
6900,"2,5485",5,45,2025,0,0,1,0
6901,"2,5059",12,40,1600,0,0,1,0
6902,"2,5059",12,46,2116,0,0,1,0
6903,"2,5059",5,20,400,1,1,0,0
6904,"2,5059",12,23,529,1,1,0,1
6905,"2,3881",9,25,625,1,0,1,0
6906,"2,3698",5,40,1600,0,0,1,0
6907,"2,3698",5,16,256,1,1,0,0
6908,"2,2996",5,38,1444,1,0,1,0
6909,"2,2828",5,32,1024,0,0,1,0
6910,"2,2828",12,28,784,1,0,1,0
6911,"1,9463",5,40,1600,1,0,1,0
6912,"2,1397",12,40,1600,1,0,1,0
6913,"2,5642",5,59,3481,1,0,1,0
6914,"2,4287",9,50,2500,0,0,1,0
6915,"2,5015",5,22,484,1,1,0,0
6916,"2,3008",5,18,324,0,1,0,0
6917,"2,3008",5,23,529,0,1,0,0
6918,"2,1948",5,45,2025,0,0,1,0
6919,"2,7528",9,37,1369,0,0,1,0
6920,"2,7308",5,55,3025,1,0,1,0
6921,"2,7093",12,26,676,1,1,0,0
6922,"2,6882",9,55,3025,1,0,1,0
6923,"2,6882",10,32,1024,1,1,0,0
6924,"2,6676",5,36,1296,1,0,1,0
6925,"2,6676",5,40,1600,1,0,1,0
6926,"2,5892",5,22,484,0,1,0,0
6927,"2,5705",16,25,625,1,1,0,0
6928,"2,5705",12,21,441,1,1,0,0
6929,"2,5705",5,26,676,1,1,0,0
6930,"2,5705",5,32,1024,1,1,0,0
6931,"2,4651",12,40,1600,0,0,1,0
6932,"2,4651",5,45,2025,0,0,1,0
6933,"2,3698",5,50,2500,1,0,1,0
6934,"2,6350",5,38,1444,1,0,1,0
6935,"2,6167",5,30,900,1,0,1,0
6936,"2,5635",5,22,484,1,1,0,0
6937,"2,5464",5,45,2025,1,0,1,0
6938,"2,5296",9,46,2116,0,0,1,0
6939,"3,0994",12,48,2304,0,0,1,0
6940,"2,2239",5,60,3600,0,0,1,0
6941,"2,6956",5,26,676,1,0,1,0
6942,"2,6049",12,40,1600,1,0,1,0
6943,"2,9759",5,46,2116,1,0,1,1
6944,"2,9759",9,18,324,0,1,0,0
6945,"2,8424",10,40,1600,1,0,1,0
6946,"2,8424",5,22,484,1,1,0,0
6947,"2,8424",5,50,2500,1,0,1,0
6948,"2,7063",9,29,841,1,0,1,0
6949,"2,6532",5,28,784,1,0,1,0
6950,"2,5239",12,21,441,0,1,0,0
6951,"2,4941",5,20,400,1,1,0,0
6952,"2,2828",10,33,1089,1,0,1,0
6953,"2,8566",5,30,900,1,1,0,0
6954,"2,8297",5,44,1936,1,0,1,0
6955,"2,5674",9,45,2025,1,0,1,0
6956,"2,4651",5,30,900,0,0,1,0
6957,"2,7087",5,30,900,1,1,0,0
6958,"3,0185",12,34,1156,1,0,1,0
6959,"2,9759",5,55,3025,1,0,1,0
6960,"2,8218",5,20,400,1,1,0,0
6961,"2,7528",5,35,1225,1,0,1,0
6962,"2,7528",5,25,625,0,1,0,0
6963,"2,4769",5,36,1296,1,0,1,0
6964,"2,6771",12,52,2704,0,0,1,0
6965,"3,4386",16,49,2401,1,0,1,0
6966,"3,3814",12,20,400,1,1,0,1
6967,"3,1363",5,37,1369,1,0,1,0
6968,"3,1363",9,24,576,1,1,0,0
6969,"3,0976",5,26,676,1,0,1,0
6970,"2,9896",5,24,576,1,1,0,0
6971,"3,4868",16,30,900,1,1,0,0
6972,"3,2861",16,43,1849,1,0,1,1
6973,"3,1991",9,60,3600,1,0,1,0
6974,"3,1991",12,22,484,0,1,0,0
6975,"3,0449",12,22,484,1,1,0,0
6976,"3,0098",5,50,2500,1,0,1,0
6977,"2,9759",5,35,1225,1,0,1,0
6978,"2,9759",9,25,625,1,1,0,0
6979,"2,8218",5,43,1849,1,0,1,0
6980,"3,2738",12,21,441,1,1,0,0
6981,"3,5149",16,32,1024,1,0,1,0
6982,"3,3014",5,43,1849,0,0,1,0
6983,"3,1583",9,27,729,1,0,1,0
6984,"2,9759",10,36,1296,1,0,1,0
6985,"3,2567",12,38,1444,1,0,1,0
6986,"3,3437",12,35,1225,1,0,1,0
6987,"3,3814",5,42,1764,1,0,1,0
6988,"3,5329",9,45,2025,1,0,1,0
6989,"3,4459",12,40,1600,1,0,1,0
6990,"3,4923",5,45,2025,1,0,1,0
6991,"3,5286",10,42,1764,1,0,1,0
6992,"3,5405",5,38,1444,1,0,1,0
6993,"3,6878",16,32,1024,1,1,0,0
6994,"3,5976",5,54,2916,1,0,1,0
6995,"4,2371",16,27,729,1,0,1,0
6996,"4,0999",16,30,900,1,1,0,1
6997,"4,0086",10,55,3025,1,0,1,0
6998,"4,0956",16,32,1024,1,1,0,0
6999,"4,4312",16,56,3136,1,0,1,0
7000,"4,7677",16,25,625,1,1,0,0
7001,"4,5854",16,42,1764,1,0,1,0
7002,"4,5164",16,25,625,1,0,1,0
7003,"4,7677",16,34,1156,1,0,1,0
7004,"4,7845",5,50,2500,0,0,1,0